id,conversation_id,created_at,date,time,timezone,user_id,username,name,place,tweet,language,mentions,urls,photos,replies_count,retweets_count,likes_count,hashtags,cashtags,link,retweet,quote_url,video,thumbnail,near,geo,source,user_rt_id,user_rt,retweet_id,reply_to,retweet_date,translate,trans_src,trans_dest
1452468712418729984,1452468712418729984,2021-10-24 21:55:01 Central Daylight Time,2021-10-24,21:55:01,-0500,29097819,epochtimes,The Epoch Times,,"#Tesla CEO @ElonMusk denied that Jared Birchall, head of his family office, was on the advisory board of the re-established #Dogecoin foundation.  In a recent tweet on Saturday, Musk said that neither he, Birchall, nor his associates are involved.  https://t.co/vc6Nh8EjuQ",en,"[{'screen_name': 'elonmusk', 'name': 'elon musk', 'id': '44196397'}]",['https://www.theepochtimes.com/tesla-ceo-elon-musk-denies-his-partner-is-affiliated-with-dogecoin-foundation_4066066.html?utm_medium=social&utm_source=twitter&utm_campaign=digitalsub'],[],4,5,8,"['tesla', 'dogecoin']",[],https://twitter.com/EpochTimes/status/1452468712418729984,False,,0,,,,,,,,[],,,,
1452457915390906368,1452457915390906368,2021-10-24 21:12:07 Central Daylight Time,2021-10-24,21:12:07,-0500,118639757,kokid951,Keith ‚ÄúNFT kid‚Äù Berry,,#dogecoin still my favorite coin ü™ô üêï,en,[],[],[],7,4,48,['dogecoin'],[],https://twitter.com/kokid951/status/1452457915390906368,False,,0,,,,,,,,[],,,,
1452449612153769984,1452449612153769984,2021-10-24 20:39:07 Central Daylight Time,2021-10-24,20:39:07,-0500,1358176095850229761,prothedoge,SlumDOGE Millionaire,,#dogecoin is trending üëÄüöÄ let‚Äòa go!!!  https://t.co/aaBesWkKJa,en,[],[],['https://pbs.twimg.com/media/FCgjOLjVQAAVOt5.jpg'],50,111,632,['dogecoin'],[],https://twitter.com/ProTheDoge/status/1452449612153769984,False,,1,https://pbs.twimg.com/media/FCgjOLjVQAAVOt5.jpg,,,,,,,[],,,,
1452448788388270080,1452448788388270080,2021-10-24 20:35:51 Central Daylight Time,2021-10-24,20:35:51,-0500,1358176095850229761,prothedoge,SlumDOGE Millionaire,,#dogecoin will rise to heights we‚Äôve never seen before üò≥üêïüöÄüåî,en,[],[],[],102,168,1023,['dogecoin'],[],https://twitter.com/ProTheDoge/status/1452448788388270080,False,,0,,,,,,,,[],,,,
1452434055039946756,1452434055039946756,2021-10-24 19:37:18 Central Daylight Time,2021-10-24,19:37:18,-0500,106492441,hireztherapper,Hi-Rez,,Doge to 30 cents...  #dogecoin #doge,en,[],[],[],3,5,44,"['dogecoin', 'doge']",[],https://twitter.com/HiRezTheRapper/status/1452434055039946756,False,,0,,,,,,,,[],,,,
1452432346247008264,1452432346247008264,2021-10-24 19:30:30 Central Daylight Time,2021-10-24,19:30:30,-0500,325237968,b_nashty,Bobby Nash üî•,,Will #dogecoin hit a dollar is 2021 or 2022?,en,[],[],[],3,0,4,['dogecoin'],[],https://twitter.com/B_Nashty/status/1452432346247008264,False,,0,,,,,,,,[],,,,
1452431075037388802,1452431075037388802,2021-10-24 19:25:27 Central Daylight Time,2021-10-24,19:25:27,-0500,805532293951606785,mattwallace888,Matt Wallace,,#Dogecoin IS ON FIRE RIGHT NOW!!!,en,[],[],[],262,363,1810,['dogecoin'],[],https://twitter.com/MattWallace888/status/1452431075037388802,False,,0,,,,,,,,[],,,,
1452420570218303492,1452420570218303492,2021-10-24 18:43:43 Central Daylight Time,2021-10-24,18:43:43,-0500,1358176095850229761,prothedoge,SlumDOGE Millionaire,,#DOGECOIN RISE!!!!! üöÄüöÄüöÄ,en,[],[],[],80,248,1322,['dogecoin'],[],https://twitter.com/ProTheDoge/status/1452420570218303492,False,,0,,,,,,,,[],,,,
1452420365481754624,1452420365481754624,2021-10-24 18:42:54 Central Daylight Time,2021-10-24,18:42:54,-0500,1358176095850229761,prothedoge,SlumDOGE Millionaire,,#Dogecoin hit 28 cents just now üëÄüöÄ,en,[],[],[],127,269,1985,['dogecoin'],[],https://twitter.com/ProTheDoge/status/1452420365481754624,False,,0,,,,,,,,[],,,,
1452417774773473285,1452417774773473285,2021-10-24 18:32:36 Central Daylight Time,2021-10-24,18:32:36,-0500,3367334171,btctn,Bitcoin News,,Tesla CEO Elon Musk has shared what he believes to be the most important #dogecoin improvements. #doge #cryptocurrency #SHIB  https://t.co/BjmsojlsBV,en,[],['https://zpr.io/HE4X5YS7pDb3'],[],79,143,508,"['dogecoin', 'doge', 'cryptocurrency', 'shib']",[],https://twitter.com/BTCTN/status/1452417774773473285,False,,0,,,,,,,,[],,,,
1452416799455186952,1452416799455186952,2021-10-24 18:28:44 Central Daylight Time,2021-10-24,18:28:44,-0500,24671050,tomskiweb,CoinsKid,,#dogecoin pushing out of the a huge continuation pattern daily horizontal. See you at $1.80 my target since our July low üëç  https://t.co/GUF11kUPXz,en,[],[],['https://pbs.twimg.com/media/FCgFYctWEAcCdRd.jpg'],35,31,229,['dogecoin'],[],https://twitter.com/tomskiweb/status/1452416799455186952,False,,1,https://pbs.twimg.com/media/FCgFYctWEAcCdRd.jpg,,,,,,,[],,,,
1452416392855277570,1452416392855277570,2021-10-24 18:27:07 Central Daylight Time,2021-10-24,18:27:07,-0500,106492441,hireztherapper,Hi-Rez,,the people‚Äôs crypto.  #DOGE #DOGECOIN,en,[],[],[],7,6,41,"['doge', 'dogecoin']",[],https://twitter.com/HiRezTheRapper/status/1452416392855277570,False,,0,,,,,,,,[],,,,
1452416357635706887,1452416357635706887,2021-10-24 18:26:58 Central Daylight Time,2021-10-24,18:26:58,-0500,106492441,hireztherapper,Hi-Rez,,the people‚Äôs crypto.  #DOGE #DOGECOIN,en,[],[],[],1,1,19,"['doge', 'dogecoin']",[],https://twitter.com/HiRezTheRapper/status/1452416357635706887,False,https://twitter.com/elonmusk/status/1452348126753349640,0,,,,,,,,[],,,,
1452412894109261824,1452412894109261824,2021-10-24 18:13:13 Central Daylight Time,2021-10-24,18:13:13,-0500,1358176095850229761,prothedoge,SlumDOGE Millionaire,,#Dogecoin: if less is more was a crypto.,en,[],[],[],30,41,422,['dogecoin'],[],https://twitter.com/ProTheDoge/status/1452412894109261824,False,,0,,,,,,,,[],,,,
1452395281111080961,1452395281111080961,2021-10-24 17:03:13 Central Daylight Time,2021-10-24,17:03:13,-0500,1358176095850229761,prothedoge,SlumDOGE Millionaire,,#Bitcoin maxis make me want to buy #Dogecoin even harder üòéüêïüöÄ,en,[],[],[],70,106,820,"['bitcoin', 'dogecoin']",[],https://twitter.com/ProTheDoge/status/1452395281111080961,False,,0,,,,,,,,[],,,,
1452379256919506944,1452379256919506944,2021-10-24 15:59:33 Central Daylight Time,2021-10-24,15:59:33,-0500,1358176095850229761,prothedoge,SlumDOGE Millionaire,,When it comes to #Dogecoin you either get it or you don‚Äôt get it. Literally and figuratively.,en,[],[],[],76,105,808,['dogecoin'],[],https://twitter.com/ProTheDoge/status/1452379256919506944,False,,0,,,,,,,,[],,,,
1452374827927543815,1452373897366618112,2021-10-24 15:41:57 Central Daylight Time,2021-10-24,15:41:57,-0500,805532293951606785,mattwallace888,Matt Wallace,,@elonmusk I have StockHold syndrome for #Dogecoin :),en,[],[],[],138,122,1203,['dogecoin'],[],https://twitter.com/MattWallace888/status/1452374827927543815,False,,0,,,,,,,,"[{'screen_name': 'elonmusk', 'name': 'Elon Musk', 'id': '44196397'}]",,,,
1452369362866917376,1451983011126206466,2021-10-24 15:20:14 Central Daylight Time,2021-10-24,15:20:14,-0500,44060322,benzinga,Benzinga,,"@elonmusk @ProTheDoge Hi Elon, thanks for your response to our story, we're always updating our readers on the latest #dogecoin news, we'd like to hear more about your take on the crypto market. Check us out at  https://t.co/UTHU9g09Ey.",en,[],['http://benzinga.com'],[],1,3,22,['dogecoin'],[],https://twitter.com/Benzinga/status/1452369362866917376,False,,0,,,,,,,,"[{'screen_name': 'elonmusk', 'name': 'Elon Musk', 'id': '44196397'}, {'screen_name': 'ProTheDoge', 'name': 'SlumDOGE Millionaire', 'id': '1358176095850229761'}]",,,,
1452362093852823561,1452361095977451520,2021-10-24 14:51:21 Central Daylight Time,2021-10-24,14:51:21,-0500,11309682,vickienatale,Vickie Natale üé§üéπ,,@ProTheDoge I was in the grocery store check out line &amp; jokingly asked the cashier if they accepted #dogecoin.  She said no &amp; asked what it was.  The older gentleman in line behind me chimed in &amp; said ‚Äúit‚Äôs the people‚Äôs crypto‚Äù lol,en,[],[],[],2,3,22,['dogecoin'],[],https://twitter.com/vickienatale/status/1452362093852823561,False,,0,,,,,,,,"[{'screen_name': 'ProTheDoge', 'name': 'SlumDOGE Millionaire', 'id': '1358176095850229761'}]",,,,
1452361240085352449,1451983011126206466,2021-10-24 14:47:57 Central Daylight Time,2021-10-24,14:47:57,-0500,1358176095850229761,prothedoge,SlumDOGE Millionaire,,@elonmusk Most of us don‚Äôt come from privileged backgrounds and honestly can‚Äôt relate to the experts in Silicon Valley. We just want to believe in a crypto that represents us all. #Dogecoin is the little guy personified in crypto which is why we love it. We appreciate your support Elon! üöÄ,en,[],[],[],77,157,1294,['dogecoin'],[],https://twitter.com/ProTheDoge/status/1452361240085352449,False,,0,,,,,,,,"[{'screen_name': 'elonmusk', 'name': 'Elon Musk', 'id': '44196397'}]",,,,
1452361095977451520,1452361095977451520,2021-10-24 14:47:23 Central Daylight Time,2021-10-24,14:47:23,-0500,1358176095850229761,prothedoge,SlumDOGE Millionaire,,Most of us don‚Äôt come from privileged backgrounds and honestly can‚Äôt relate to the experts in Silicon Valley. We just want to believe in a crypto that represents us all. #Dogecoin is the little guy personified in crypto which is why we love it. We appreciate your support Elon! üöÄ,en,[],[],[],109,339,1726,['dogecoin'],[],https://twitter.com/ProTheDoge/status/1452361095977451520,False,https://twitter.com/elonmusk/status/1452348126753349640,0,,,,,,,,[],,,,
1452335184364417036,1452335184364417036,2021-10-24 13:04:25 Central Daylight Time,2021-10-24,13:04:25,-0500,1387497871751196672,watcherguru,Watcher.Guru,,JUST IN: Elon Musk confirms he holds no SHIB and only holds the following cryptocurrencies   #Bitcoin #Ethereum  #Dogecoin  https://t.co/6ASpMwsd8t,en,[],[],"['https://pbs.twimg.com/media/FCe7JyDXMAwIrNO.jpg', 'https://pbs.twimg.com/media/FCe7JyFWYA0LKOT.jpg']",286,252,1153,"['bitcoin', 'ethereum', 'dogecoin']",[],https://twitter.com/WatcherGuru/status/1452335184364417036,False,,1,https://pbs.twimg.com/media/FCe7JyDXMAwIrNO.jpg,,,,,,,[],,,,
1452332749726142480,1451929526284562436,2021-10-24 12:54:45 Central Daylight Time,2021-10-24,12:54:45,-0500,805532293951606785,mattwallace888,Matt Wallace,,@elonmusk @itsALLrisky @TeslaGong @mishaboar @DogecoinFdn Using a 69th layer for #Dogecoin is the way to go imo,en,[],[],[],10,51,264,['dogecoin'],[],https://twitter.com/MattWallace888/status/1452332749726142480,False,,0,,,,,,,,"[{'screen_name': 'elonmusk', 'name': 'Elon Musk', 'id': '44196397'}, {'screen_name': 'itsALLrisky', 'name': 'üí∏üí∏üí∏', 'id': '1061349266545885185'}, {'screen_name': 'TeslaGong', 'name': 'Tesla in the Gong üá¶üá∫ü¶òü§ñüöï', 'id': '1008296232261783552'}, {'screen_name': 'mishaboar', 'name': 'Mishaboar', 'id': '1385271926852104193'}, {'screen_name': 'DogecoinFdn', 'name': 'Dogecoin Foundation', 'id': '2586748687'}]",,,,
1452316629862428691,1452316629862428691,2021-10-24 11:50:41 Central Daylight Time,2021-10-24,11:50:41,-0500,11060982,t3n,t3n Magazin,,Robinhood-Rivale listet #Shiba Inu und der Kurs des #Dogecoin-Killers explodiert  https://t.co/MoK54U4wUP,da,[],['https://t3n.de/news/shiba-inu-shib-allzeithoch-1419751/'],[],0,0,7,"['shiba', 'dogecoin']",[],https://twitter.com/t3n/status/1452316629862428691,False,,0,,,,,,,,[],,,,
1452310499706671114,1452310499706671114,2021-10-24 11:26:20 Central Daylight Time,2021-10-24,11:26:20,-0500,565759365,kitun,Scott Kitun,,Get me the F outta here #dogecoin  https://t.co/hjxWroEplK,en,[],[],['https://pbs.twimg.com/media/FCeksUiXsAEsi3Y.jpg'],1,0,4,['dogecoin'],[],https://twitter.com/kitun/status/1452310499706671114,False,,1,https://pbs.twimg.com/media/FCeksUiXsAEsi3Y.jpg,,,,,,,[],,,,
1452287877078036486,1452287877078036486,2021-10-24 09:56:26 Central Daylight Time,2021-10-24,09:56:26,-0500,106492441,hireztherapper,Hi-Rez,,SOMETHING BIG IS COMING FOR #DOGE BE PATIENT...I FEEL IT IN MY NUTS   #DOGECOIN,en,[],[],[],28,70,386,"['doge', 'dogecoin']",[],https://twitter.com/HiRezTheRapper/status/1452287877078036486,False,,0,,,,,,,,[],,,,
1452237137542254593,1452237137542254593,2021-10-24 06:34:49 Central Daylight Time,2021-10-24,06:34:49,-0500,227755413,leadlagreport,"Michael A. Gayed, CFA",,Few understand this.  #ShibaCoin #SHIB #SHIBARMY #Bitcoin #dogecoin $DOGE $SHIB $BTC  https://t.co/nrklnGXdDH,en,[],[],['https://pbs.twimg.com/media/FCdh-sjWUAMIDDd.jpg'],61,123,587,"['shibacoin', 'shib', 'shibarmy', 'bitcoin', 'dogecoin']","['doge', 'shib', 'btc']",https://twitter.com/leadlagreport/status/1452237137542254593,False,,1,https://pbs.twimg.com/media/FCdh-sjWUAMIDDd.jpg,,,,,,,[],,,,
1452236470081699845,1452236470081699845,2021-10-24 06:32:10 Central Daylight Time,2021-10-24,06:32:10,-0500,227755413,leadlagreport,"Michael A. Gayed, CFA",,Exquisite. #ShibaCoin #SHIB #SHIBARMY #dogecoin $DOGE $SHIB    https://t.co/7GsK7GmwSx,en,[],[],[],15,76,252,"['shibacoin', 'shib', 'shibarmy', 'dogecoin']","['doge', 'shib']",https://twitter.com/leadlagreport/status/1452236470081699845,False,,1,https://pbs.twimg.com/ext_tw_video_thumb/1447654244086079490/pu/img/D3H9pk6Zgnml6aj5.jpg,,,,,,,[],,,,
1452227792930758656,1452227792930758656,2021-10-24 05:57:41 Central Daylight Time,2021-10-24,05:57:41,-0500,11060982,t3n,t3n Magazin,,#Shiba Inu (SHIB): #Dogecoin-Killer erreicht neues Allzeithoch  https://t.co/MoK54U4wUP,de,[],['https://t3n.de/news/shiba-inu-shib-allzeithoch-1419751/'],[],3,0,6,"['shiba', 'dogecoin']",[],https://twitter.com/t3n/status/1452227792930758656,False,,0,,,,,,,,[],,,,
1452204719724761092,1452204719724761092,2021-10-24 04:26:00 Central Daylight Time,2021-10-24,04:26:00,-0500,16252924,italki,italki,,"Just imagine a world where you could buy #italki lessons with #Bitcoin or #Dogecoin üî• (just a thought, don‚Äôt @ us!)",en,[],[],[],0,0,10,"['italki', 'bitcoin', 'dogecoin']",[],https://twitter.com/italki/status/1452204719724761092,False,,0,,,,,,,,[],,,,
1452202797462605829,1452202797462605829,2021-10-24 04:18:22 Central Daylight Time,2021-10-24,04:18:22,-0500,68927629,moneycontrolcom,moneycontrol,,"#CryptoWithMC | What started as meme #cryptocurrency &amp; a self-proclaimed ""#dogecoin killer"", the #ShibaCoin has reached an all-time high. üëÄüëÄ  Check out at  https://t.co/ATsOKkVONq   #ShibaCoin #Crypto",en,[],['https://www.moneycontrol.com/news/business/cryptocurrency/shiba-inu-meme-cryptocurrency-touches-all-time-high-check-details-here-7618741.html'],[],2,5,17,"['cryptowithmc', 'cryptocurrency', 'dogecoin', 'shibacoin', 'shibacoin', 'crypto']",[],https://twitter.com/moneycontrolcom/status/1452202797462605829,False,,0,,,,,,,,[],,,,
1452162768103112705,1452162768103112705,2021-10-24 01:39:18 Central Daylight Time,2021-10-24,01:39:18,-0500,1358176095850229761,prothedoge,SlumDOGE Millionaire,,We‚Äôre starting to see #Bitcoin pull back a little from all time highs.   You know what that means?   ALT SEASON IS UPON US.   #DOGECOIN,en,[],[],[],220,191,1307,"['bitcoin', 'dogecoin']",[],https://twitter.com/ProTheDoge/status/1452162768103112705,False,,0,,,,,,,,[],,,,
1452161742851559427,1452161742851559427,2021-10-24 01:35:14 Central Daylight Time,2021-10-24,01:35:14,-0500,1358176095850229761,prothedoge,SlumDOGE Millionaire,,"Here‚Äôs something to think about.   Theoretically, is #Dogecoin better than the dollar?   If you answered yes, then buy #doge.   If you answered no, then save up as many dollars as possible, stash them under your bed in a shoebox and hope they‚Äôre worth more 10 years from now.",en,[],[],[],78,92,552,"['dogecoin', 'doge']",[],https://twitter.com/ProTheDoge/status/1452161742851559427,False,,0,,,,,,,,[],,,,
1452099195435900933,1452099195435900933,2021-10-23 21:26:41 Central Daylight Time,2021-10-23,21:26:41,-0500,2646336846,1funnymike,FunnyMike,,#dogecoin #doge üöÄ  https://t.co/Hb3swMvSlq,und,[],[],['https://pbs.twimg.com/media/FCbkhLIXIAIv5b3.jpg'],0,8,101,"['dogecoin', 'doge']",[],https://twitter.com/1funnymike/status/1452099195435900933,False,,1,https://pbs.twimg.com/media/FCbkhLIXIAIv5b3.jpg,,,,,,,[],,,,
1452096682150203393,1452096682150203393,2021-10-23 21:16:42 Central Daylight Time,2021-10-23,21:16:42,-0500,221713106,marcianophone,MARCIANOTECH,,YA DOGECOIN PAS√ì A LA HISTORIA... Ni aunque @elonmusk lo mencione sube üò™üò™ Dogecoin NO PUEDE COMPETIR CON SHIBA INU... VER VIDEO: #dogecoin #shibainu #shiba,es,"[{'screen_name': 'elonmusk', 'name': 'elon musk', 'id': '44196397'}]",[],[],61,140,775,"['dogecoin', 'shibainu', 'shiba']",[],https://twitter.com/MARCIANOPHONE/status/1452096682150203393,False,,0,,,,,,,,[],,,,
1452096355459944450,1452096355459944450,2021-10-23 21:15:24 Central Daylight Time,2021-10-23,21:15:24,-0500,118639757,kokid951,Keith ‚ÄúNFT kid‚Äù Berry,,So many people were wrong about #dogecoin üêïü™ô So many people were wrong about #DeFi . So many people were wrong about #NFTs  So many people are still wrong about #Metaverse ‚ú®ü™êüåç . The future is so damn exciting! üî•üî•üî•üî• RT if you agree üëÄ‚òùüèªüöÄüìàüí∞,en,[],[],[],11,19,48,"['dogecoin', 'defi', 'nfts', 'metaverse']",[],https://twitter.com/kokid951/status/1452096355459944450,False,,0,,,,,,,,[],,,,
1452077557189423113,1452062147479883776,2021-10-23 20:00:42 Central Daylight Time,2021-10-23,20:00:42,-0500,805532293951606785,mattwallace888,Matt Wallace,,@SpaceX @elonmusk #Dogecoin TO MARRRRRRRRRRRRRRRRRRRRRRRRRRRRRRRRRRRRRRRRRRRRRRRRRRRRRRRRRRRRRRRRRRRRRRRRRRRRRRS :),en,[],[],[],65,96,575,['dogecoin'],[],https://twitter.com/MattWallace888/status/1452077557189423113,False,,0,,,,,,,,"[{'screen_name': 'SpaceX', 'name': 'SpaceX', 'id': '34743251'}, {'screen_name': 'elonmusk', 'name': 'Elon Musk', 'id': '44196397'}]",,,,
1452017303298715649,1452017006736285697,2021-10-23 16:01:16 Central Daylight Time,2021-10-23,16:01:16,-0500,805532293951606785,mattwallace888,Matt Wallace,,@itsALLrisky Final Stand YouTube videos. That guy knows #Dogecoin like the back of his hand.,en,[],[],[],13,38,165,['dogecoin'],[],https://twitter.com/MattWallace888/status/1452017303298715649,False,,0,,,,,,,,"[{'screen_name': 'itsALLrisky', 'name': 'üí∏üí∏üí∏', 'id': '1061349266545885185'}]",,,,
1451993508181471236,1451993508181471236,2021-10-23 14:26:43 Central Daylight Time,2021-10-23,14:26:43,-0500,1335921830,rbargainhunters,Rene Nezhoda on A&E,,"Great Interview just the beginning #storagewars  #WOLFPACK #SHIBARMY #dogecoin #makingmoney I have a bag do you????? Remember invest wisely and what you can afford to loose , not investment advise just saying I got a bag and glad I have it !!!  https://t.co/R3qoYuUnV1",en,[],['https://www.fox26houston.com/video/993284'],[],2,13,20,"['storagewars', 'wolfpack', 'shibarmy', 'dogecoin', 'makingmoney']",[],https://twitter.com/Rbargainhunters/status/1451993508181471236,False,,0,,,,,,,,[],,,,
1451983011126206466,1451983011126206466,2021-10-23 13:45:01 Central Daylight Time,2021-10-23,13:45:01,-0500,1358176095850229761,prothedoge,SlumDOGE Millionaire,,I mean ü§∑üèº‚Äç‚ôÇÔ∏è the appeal is real #dogecoin üëâüèº  https://t.co/9FCuiv0ROW  https://t.co/oueAaU7EKQ,en,[],['https://www.benzinga.com/node/23521490'],['https://pbs.twimg.com/media/FCZ62gBVIAIjRFj.jpg'],259,823,5259,['dogecoin'],[],https://twitter.com/ProTheDoge/status/1451983011126206466,False,,1,https://pbs.twimg.com/media/FCZ62gBVIAIjRFj.jpg,,,,,,,[],,,,
1451982304377663490,1451982304377663490,2021-10-23 13:42:12 Central Daylight Time,2021-10-23,13:42:12,-0500,1358176095850229761,prothedoge,SlumDOGE Millionaire,,#Dogecoin will change the way we see money in the future üëÄüêïüöÄ,en,[],[],[],225,247,1818,['dogecoin'],[],https://twitter.com/ProTheDoge/status/1451982304377663490,False,,0,,,,,,,,[],,,,
1451968306802565123,1451968306802565123,2021-10-23 12:46:35 Central Daylight Time,2021-10-23,12:46:35,-0500,28212513,barchart,Barchart,,What's your favorite #cryptocurrency #memecoin ?  #Dogecoin $DOGE #ShibaInu $SHIB,en,[],[],[],0,2,5,"['cryptocurrency', 'memecoin', 'dogecoin', 'shibainu']","['doge', 'shib']",https://twitter.com/Barchart/status/1451968306802565123,False,,0,,,,,,,,[],,,,
1451959901379604485,1451959901379604485,2021-10-23 12:13:11 Central Daylight Time,2021-10-23,12:13:11,-0500,1387497871751196672,watcherguru,Watcher.Guru,,One #Dogecoin is now worth more than a quarter in the United States.  https://t.co/Vp4vjvFWWG,en,[],[],['https://pbs.twimg.com/media/FCZl1daWQAol0gE.jpg'],64,66,390,['dogecoin'],[],https://twitter.com/WatcherGuru/status/1451959901379604485,False,,1,https://pbs.twimg.com/media/FCZl1daWQAol0gE.jpg,,,,,,,[],,,,
1451959054641901569,1451959054641901569,2021-10-23 12:09:49 Central Daylight Time,2021-10-23,12:09:49,-0500,805532293951606785,mattwallace888,Matt Wallace,,#DOGECOIN JUST FIRED UP TWO HUGE GREEN CANDLES ON THE MINUTE CHART!!!,en,[],[],[],324,442,2766,['dogecoin'],[],https://twitter.com/MattWallace888/status/1451959054641901569,False,,0,,,,,,,,[],,,,
1451896269463453701,1451896269463453701,2021-10-23 08:00:20 Central Daylight Time,2021-10-23,08:00:20,-0500,2646330762,jarivism,Viraj Mahajan,,"@elonmusk has again come here to play with our emotions!!! We, the #doge family, will HODL everything!!!   #dogecoin  https://t.co/vFSNsmCqBQ",en,[],[],['https://pbs.twimg.com/media/FCYr9AhVQAMcmQd.jpg'],0,0,0,"['doge', 'dogecoin']",[],https://twitter.com/jarivism/status/1451896269463453701,False,,1,https://pbs.twimg.com/media/FCYr9AhVQAMcmQd.jpg,,,,,,,[],,,,
1451767839849803783,1451767839849803783,2021-10-22 23:30:00 Central Daylight Time,2021-10-22,23:30:00,-0500,15050354,deseretnews,Deseret News,,The Shiba Inu cryptocurrency coin reached more than 1 million new traders this week in large part because people swapped their Dogecoin for Shiba Inu coins. | By @HerbScribner #cryptocurrency #dogecoin #shibainu   https://t.co/IbB6C4Oh43,en,"[{'screen_name': 'herbscribner', 'name': 'herb scribner', 'id': '2375841180'}]",['https://www.deseret.com/u-s-world/2021/10/22/22740189/shib-coin-news-shiba-inu-coin-dogecoin?utm_source=twitter&utm_medium=dn-social&utm_campaign=twitter&utm_content=deseretnews'],[],2,2,5,"['cryptocurrency', 'dogecoin', 'shibainu']",[],https://twitter.com/DeseretNews/status/1451767839849803783,False,,0,,,,,,,,[],,,,
1451730444874047496,1451730444874047496,2021-10-22 21:01:24 Central Daylight Time,2021-10-22,21:01:24,-0500,1387497871751196672,watcherguru,Watcher.Guru,,What‚Äôs your favorite meme coin? ü§î  #Dogecoin  #SHIB  #FLOKI  #BabyDogeCoin #HOKK,en,[],[],[],1837,420,2066,"['dogecoin', 'shib', 'floki', 'babydogecoin', 'hokk']",[],https://twitter.com/WatcherGuru/status/1451730444874047496,False,,0,,,,,,,,[],,,,
1451682394952527874,1451682394952527874,2021-10-22 17:50:28 Central Daylight Time,2021-10-22,17:50:28,-0500,50013917,bigdaddyzsports,Victor ‚ÄúBig Daddy‚Äù Zaragoza,,It‚Äôs a Dogie Doge World! #DogeCoin,en,[],[],[],0,1,1,['dogecoin'],[],https://twitter.com/BigDaddyZSports/status/1451682394952527874,False,,0,,,,,,,,[],,,,
1451681764875792385,1451681764875792385,2021-10-22 17:47:58 Central Daylight Time,2021-10-22,17:47:58,-0500,1358176095850229761,prothedoge,SlumDOGE Millionaire,,Do people still think Elon is just trolling about #dogecoin?,en,[],[],[],243,275,2035,['dogecoin'],[],https://twitter.com/ProTheDoge/status/1451681764875792385,False,https://twitter.com/elonmusk/status/1451623475978833927,0,,,,,,,,[],,,,
1451681302751625218,1451681302751625218,2021-10-22 17:46:08 Central Daylight Time,2021-10-22,17:46:08,-0500,57034984,linsey_dawn,Linsey Dawn McKenzie¬ÆÔ∏è,,Glad my very first investment into Crypto was #dogecoin Dogs never let you down so bloody loyal üêï,en,[],[],[],5,0,16,['dogecoin'],[],https://twitter.com/Linsey_Dawn/status/1451681302751625218,False,,0,,,,,,,,[],,,,
1451651461268525057,1451651461268525057,2021-10-22 15:47:33 Central Daylight Time,2021-10-22,15:47:33,-0500,1387497871751196672,watcherguru,Watcher.Guru,,"#Dogecoin is the 9th biggest cryptocurrency in the world by market value.   Market cap: $32,888,402,839",en,[],[],[],81,52,336,['dogecoin'],[],https://twitter.com/WatcherGuru/status/1451651461268525057,False,,0,,,,,,,,[],,,,
1451624498088882176,1451593139358244907,2021-10-22 14:00:24 Central Daylight Time,2021-10-22,14:00:24,-0500,805532293951606785,mattwallace888,Matt Wallace,,@elonmusk @UberFacts #Dogecoin TO THE MOOOOOOOOOOOOOOOOOOOOOOOOOOOOOOOOOOOOOOOOOOOOOOOOOOOOOOOOOOOOOOOOOOOOOOOOOOOOOOOOOOOOOOOOOOOOOOOOOOOOOOOOOOOOOOOOOOOOOOOOOOOOOOOOOOON!!! üòèüòç,en,[],[],[],113,450,2751,['dogecoin'],[],https://twitter.com/MattWallace888/status/1451624498088882176,False,,0,,,,,,,,"[{'screen_name': 'elonmusk', 'name': 'Elon Musk', 'id': '44196397'}, {'screen_name': 'UberFacts', 'name': 'UberFacts', 'id': '95023423'}]",,,,
1451613706199175179,1451612930047369219,2021-10-22 13:17:31 Central Daylight Time,2021-10-22,13:17:31,-0500,805532293951606785,mattwallace888,Matt Wallace,,@elonmusk It is going to be a glorious day when Starship lands on Mars and we make #Dogecoin the currency there! :),en,[],[],[],99,123,902,['dogecoin'],[],https://twitter.com/MattWallace888/status/1451613706199175179,False,,0,,,,,,,,"[{'screen_name': 'elonmusk', 'name': 'Elon Musk', 'id': '44196397'}]",,,,
1451601902920208391,1451601278589710336,2021-10-22 12:30:37 Central Daylight Time,2021-10-22,12:30:37,-0500,805532293951606785,mattwallace888,Matt Wallace,,@elonmusk Who else wants to see a giant #Dogecoin painted on SN20 üòç,en,[],[],[],93,148,948,['dogecoin'],[],https://twitter.com/MattWallace888/status/1451601902920208391,False,,0,,,,,,,,"[{'screen_name': 'elonmusk', 'name': 'Elon Musk', 'id': '44196397'}]",,,,
1451543864045678601,1451543864045678601,2021-10-22 08:40:00 Central Daylight Time,2021-10-22,08:40:00,-0500,3306969352,idiarioes,IzquierdaDiario.es,,#Criptomonedas I ¬øAcaso la criptomoneda #Dogecoin es un descarado fraude capitalista?   https://t.co/SXrWx6mT3z,es,[],['https://www.izquierdadiario.es/Acaso-la-criptomoneda-Dogecoin-es-un-descarado-fraude-capitalista'],[],0,2,0,"['criptomonedas', 'dogecoin']",[],https://twitter.com/iDiarioES/status/1451543864045678601,False,,0,,,,,,,,[],,,,
1451394226764369922,1451394226764369922,2021-10-21 22:45:23 Central Daylight Time,2021-10-21,22:45:23,-0500,1387497871751196672,watcherguru,Watcher.Guru,,Will #Dogecoin hit $1 in 2021? ü§î,en,[],[],[],296,144,1166,['dogecoin'],[],https://twitter.com/WatcherGuru/status/1451394226764369922,False,,0,,,,,,,,[],,,,
1451350402524352558,1451350402524352558,2021-10-21 19:51:15 Central Daylight Time,2021-10-21,19:51:15,-0500,1005789907,kalkineau,Kalkine Media Australia,,"Why #Cardano, #Dogecoin are Slipping Despite #Bitcoin's All Time High #cryptocurrency #investment  https://t.co/MCHgCeRI5r",en,[],['https://zcu.io/m4PH'],[],2,3,1,"['cardano', 'dogecoin', 'bitcoin', 'cryptocurrency', 'investment']",[],https://twitter.com/kalkineau/status/1451350402524352558,False,,0,,,,,,,,[],,,,
1451346581924552705,1451346581924552705,2021-10-21 19:36:04 Central Daylight Time,2021-10-21,19:36:04,-0500,17696213,evancouture,Evan Couture,,I love #dogecoin,en,[],[],[],2,1,9,['dogecoin'],[],https://twitter.com/evancouture/status/1451346581924552705,False,,0,,,,,,,,[],,,,
1451336989400207368,1451336699229868033,2021-10-21 18:57:57 Central Daylight Time,2021-10-21,18:57:57,-0500,133850257,rrajvirsiingh,Rrajvir Siingh,,@ProTheDoge Yeah true it‚Äôs visible in #dogecoin,en,[],[],[],0,0,8,['dogecoin'],[],https://twitter.com/Rrajvirsiingh/status/1451336989400207368,False,,0,,,,,,,,"[{'screen_name': 'ProTheDoge', 'name': 'SlumDOGE Millionaire', 'id': '1358176095850229761'}]",,,,
1451275989712056327,1451275989712056327,2021-10-21 14:55:34 Central Daylight Time,2021-10-21,14:55:34,-0500,23457739,mauriellefox2,Maurielle Lue,,"I have fart shamed my Frenchie so much, he now runs away everytime he farts üí® (which is every few minutes üòÇüòÇ ) Then runs full speed back in the room.  He‚Äôs looking mighty trim these days üòÇ‚Ä¶. #dog #dogecoin #Frenchie  https://t.co/IOJp5VZGGA",en,[],[],['https://pbs.twimg.com/tweet_video_thumb/FCP3z2VWYAkMvmp.jpg'],24,4,104,"['dog', 'dogecoin', 'frenchie']",[],https://twitter.com/MaurielleFOX2/status/1451275989712056327,False,,1,https://pbs.twimg.com/tweet_video_thumb/FCP3z2VWYAkMvmp.jpg,,,,,,,[],,,,
1451237898364219393,1451237898364219393,2021-10-21 12:24:12 Central Daylight Time,2021-10-21,12:24:12,-0500,1358176095850229761,prothedoge,SlumDOGE Millionaire,,GoOoOoOoOd morning guys! ‚òÄÔ∏è I think ima go on a 10 mile hike today. Let‚Äôs hope #Dogecoin is a good boy and goes up in price by the time I get back üòÇüöÄ,en,[],[],[],87,89,783,['dogecoin'],[],https://twitter.com/ProTheDoge/status/1451237898364219393,False,,0,,,,,,,,[],,,,
1451232164171767811,1451232164171767811,2021-10-21 12:01:25 Central Daylight Time,2021-10-21,12:01:25,-0500,34685057,christinebarnum,Christine Barnum,,"#Bitcoin $62,776 #Ethereum $4,066 #Dogecoin $0.24  $BTC $ETH $DOGE",en,[],[],[],11,3,48,"['bitcoin', 'ethereum', 'dogecoin']","['btc', 'eth', 'doge']",https://twitter.com/christinebarnum/status/1451232164171767811,False,,0,,,,,,,,[],,,,
1451212648582897677,1451212648582897677,2021-10-21 10:43:52 Central Daylight Time,2021-10-21,10:43:52,-0500,805532293951606785,mattwallace888,Matt Wallace,,We all know that @ElonMusk listens to the people! Remember this poll? Those in the #Dogecoin army who have patience will be rewarded massively :)  https://t.co/fv7b2lUqzs,en,"[{'screen_name': 'elonmusk', 'name': 'elon musk', 'id': '44196397'}]",[],['https://pbs.twimg.com/media/FCO-NhyWUAMXPi1.jpg'],373,832,3776,['dogecoin'],[],https://twitter.com/MattWallace888/status/1451212648582897677,False,,1,https://pbs.twimg.com/media/FCO-NhyWUAMXPi1.jpg,,,,,,,[],,,,
1451205394806628353,1451205394806628353,2021-10-21 10:15:02 Central Daylight Time,2021-10-21,10:15:02,-0500,26747051,zerocancer,ZERO - The End of Prostate Cancer,,"ZERO is now accepting #cryptocurrency donations via #Bitcoin, #Ethereum, #Dogecoin, #Filecoin, and #Litecoin. Much like traditional #donations, #crypto gifts go towards supporting #prostatecancer patients and their families. More here:   https://t.co/1gFGretXA9 #endprostatecancer  https://t.co/OWICeN7ZjC",en,[],['https://bit.ly/3G7eAPu'],['https://pbs.twimg.com/media/FCO3nO9XEAAUwRg.jpg'],0,0,3,"['cryptocurrency', 'bitcoin', 'ethereum', 'dogecoin', 'filecoin', 'litecoin', 'donations', 'crypto', 'prostatecancer', 'endprostatecancer']",[],https://twitter.com/ZEROCancer/status/1451205394806628353,False,,1,https://pbs.twimg.com/media/FCO3nO9XEAAUwRg.jpg,,,,,,,[],,,,
1451201618754506755,1451201618754506755,2021-10-21 10:00:02 Central Daylight Time,2021-10-21,10:00:02,-0500,1219438130572316672,bybit_es,Bybit en Espa√±ol,,¬°Los dos est√°n disponibles en #bybit! ¬øCu√°l es tu favorito? üê∂üëáüèæ#ShibaCoin #dogecoin  https://t.co/KOpsgeNU0N,es,[],[],['https://pbs.twimg.com/media/FCMUwuPX0AIMuqc.jpg'],7,4,22,"['bybit', 'shibacoin', 'dogecoin']",[],https://twitter.com/bybit_es/status/1451201618754506755,False,,1,https://pbs.twimg.com/media/FCMUwuPX0AIMuqc.jpg,,,,,,,[],,,,
1451197029569339398,1451197029569339398,2021-10-21 09:41:48 Central Daylight Time,2021-10-21,09:41:48,-0500,915465450,bitpay,BitPay,,"ICYMI: You can purchase a share of a luxury @pacasohomes using #crypto! To celebrate, Pacaso is hosting a crypto scavenger hunt on its site:  https://t.co/68RF7V70Ed   Good luck to the first to spot hidden #Bitcoin #Ethereum #Litecoin #BitcoinCash #Dogecoin! How to playüëáüëá  https://t.co/nTy79MCbWH",en,"[{'screen_name': 'pacasohomes', 'name': 'pacaso', 'id': '1295479869736804352'}]",['http://pacaso.com/listings'],['https://pbs.twimg.com/tweet_video_thumb/FCOv8VCVEA8PFaa.jpg'],5,5,17,"['crypto', 'bitcoin', 'ethereum', 'litecoin', 'bitcoincash', 'dogecoin']",[],https://twitter.com/BitPay/status/1451197029569339398,False,,1,https://pbs.twimg.com/tweet_video_thumb/FCOv8VCVEA8PFaa.jpg,,,,,,,[],,,,
1451146218822844416,1451146218822844416,2021-10-21 06:19:54 Central Daylight Time,2021-10-21,06:19:54,-0500,64345606,exness,Exness,,"#Dogecoin has arrived at Exness!  üöÄ It has rocketed over 200,000% since inception in 2013. In the past 12 months, it has gained nearly 9,000%. Much gain... üë®‚ÄçüöÄ  https://t.co/FxO6e5cjxU",en,[],[],['https://pbs.twimg.com/media/FCOBymCWUBYKwx_.jpg'],3,1,14,['dogecoin'],[],https://twitter.com/EXNESS/status/1451146218822844416,False,,1,https://pbs.twimg.com/media/FCOBymCWUBYKwx_.jpg,,,,,,,[],,,,
1451052140223336453,1451052140223336453,2021-10-21 00:06:04 Central Daylight Time,2021-10-21,00:06:04,-0500,1358176095850229761,prothedoge,SlumDOGE Millionaire,,If I wasn‚Äôt all in on #Dogecoin I‚Äôd be all in on #Tesla stock. Especially when it dropped down to the $500‚Äôs - I would‚Äôve added even more shares. I sold out of all my #Tesla at its previous all time high - around $850... and they‚Äôre right back there. Don‚Äôt underestimate @elonmusk,en,"[{'screen_name': 'elonmusk', 'name': 'elon musk', 'id': '44196397'}]",[],[],47,51,601,"['dogecoin', 'tesla', 'tesla']",[],https://twitter.com/ProTheDoge/status/1451052140223336453,False,,0,,,,,,,,[],,,,
1451042012895989760,1451015695106560000,2021-10-20 23:25:49 Central Daylight Time,2021-10-20,23:25:49,-0500,1358176095850229761,prothedoge,SlumDOGE Millionaire,,@elonmusk Relationship goals ‚ù§Ô∏è #dogecoin,en,[],[],[],40,38,601,['dogecoin'],[],https://twitter.com/ProTheDoge/status/1451042012895989760,False,,0,,,,,,,,"[{'screen_name': 'elonmusk', 'name': 'Elon Musk', 'id': '44196397'}]",,,,
1451040873513324549,1451040873513324549,2021-10-20 23:21:17 Central Daylight Time,2021-10-20,23:21:17,-0500,1358176095850229761,prothedoge,SlumDOGE Millionaire,,I love this so much I want to blow it up and frame it and hang it up on my wall as beautiful art. #dogecoin #pokemon,en,[],[],[],52,117,648,"['dogecoin', 'pokemon']",[],https://twitter.com/ProTheDoge/status/1451040873513324549,False,https://twitter.com/itsALLrisky/status/1451038263628627970,0,,,,,,,,[],,,,
1451040239967870979,1451040239967870979,2021-10-20 23:18:46 Central Daylight Time,2021-10-20,23:18:46,-0500,1358176095850229761,prothedoge,SlumDOGE Millionaire,,I love #doge so much when I have a kid I‚Äôll probably name him #Dogecoin,en,[],[],[],126,101,910,"['doge', 'dogecoin']",[],https://twitter.com/ProTheDoge/status/1451040239967870979,False,,0,,,,,,,,[],,,,
1451036808196677635,1451036808196677635,2021-10-20 23:05:08 Central Daylight Time,2021-10-20,23:05:08,-0500,1358176095850229761,prothedoge,SlumDOGE Millionaire,,"Man oh man, do I love me some #dogecoin",en,[],[],[],63,102,730,['dogecoin'],[],https://twitter.com/ProTheDoge/status/1451036808196677635,False,,0,,,,,,,,[],,,,
1451017724142911489,1451017165654663171,2021-10-20 21:49:18 Central Daylight Time,2021-10-20,21:49:18,-0500,1358176095850229761,prothedoge,SlumDOGE Millionaire,,@elonmusk #Dogecoin is a result of... I don‚Äôt know I honestly can‚Äôt think of anything doge witty to comment under here üòî,en,[],[],[],23,24,360,['dogecoin'],[],https://twitter.com/ProTheDoge/status/1451017724142911489,False,,0,,,,,,,,"[{'screen_name': 'elonmusk', 'name': 'Elon Musk', 'id': '44196397'}]",,,,
1451016705610768387,1451015695106560000,2021-10-20 21:45:15 Central Daylight Time,2021-10-20,21:45:15,-0500,1387497871751196672,watcherguru,Watcher.Guru,,@elonmusk #Dogecoin Up Next üìà,en,[],[],[],79,41,453,['dogecoin'],[],https://twitter.com/WatcherGuru/status/1451016705610768387,False,,0,,,,,,,,"[{'screen_name': 'elonmusk', 'name': 'Elon Musk', 'id': '44196397'}]",,,,
1451002239758348289,1451002239758348289,2021-10-20 20:47:46 Central Daylight Time,2021-10-20,20:47:46,-0500,106492441,hireztherapper,Hi-Rez,,DOGE COIN CROSSES 30 CENTS TOMORROW...  #DOGE #DOGECOIN,en,[],[],[],42,73,471,"['doge', 'dogecoin']",[],https://twitter.com/HiRezTheRapper/status/1451002239758348289,False,,0,,,,,,,,[],,,,
1450942254143533057,1450942254143533057,2021-10-20 16:49:25 Central Daylight Time,2021-10-20,16:49:25,-0500,1358176095850229761,prothedoge,SlumDOGE Millionaire,,All time highs are great but the higher lows will forever my the real winner here. #dogecoin,en,[],[],[],54,69,544,['dogecoin'],[],https://twitter.com/ProTheDoge/status/1450942254143533057,False,,0,,,,,,,,[],,,,
1450922136000888832,1450922136000888832,2021-10-20 15:29:28 Central Daylight Time,2021-10-20,15:29:28,-0500,1358176095850229761,prothedoge,SlumDOGE Millionaire,,Let‚Äôs go #dogearmy!!!! Apparently Bitplaza has officially started accepting #dogecoin now! Let‚Äôs goOoOooOoO üêïüöÄüåî,en,[],[],[],29,133,439,"['dogearmy', 'dogecoin']",[],https://twitter.com/ProTheDoge/status/1450922136000888832,False,https://twitter.com/bitplazamobile/status/1450858125297430532,0,,,,,,,,[],,,,
1450918429003640836,1450918429003640836,2021-10-20 15:14:44 Central Daylight Time,2021-10-20,15:14:44,-0500,34685057,christinebarnum,Christine Barnum,,"#bitcoin $66,067 #Ethereum $4,101 #dogecoin $0.25 $BTC $ETH $DOGE üî•",en,[],[],[],45,71,566,"['bitcoin', 'ethereum', 'dogecoin']","['btc', 'eth', 'doge']",https://twitter.com/christinebarnum/status/1450918429003640836,False,,0,,,,,,,,[],,,,
1450910261733429251,1450910261733429251,2021-10-20 14:42:17 Central Daylight Time,2021-10-20,14:42:17,-0500,805532293951606785,mattwallace888,Matt Wallace,,#DOGECOIN IS STARTING TO SPIKE!!!,en,[],[],[],314,453,2620,['dogecoin'],[],https://twitter.com/MattWallace888/status/1450910261733429251,False,,0,,,,,,,,[],,,,
1450904999865696256,1450904999865696256,2021-10-20 14:21:23 Central Daylight Time,2021-10-20,14:21:23,-0500,1358176095850229761,prothedoge,SlumDOGE Millionaire,,Ima just leave this here. #dogecoin  https://t.co/puAljpEPOv,en,[],[],['https://pbs.twimg.com/media/FCKmaAtVcAE_Pze.jpg'],98,302,1140,['dogecoin'],[],https://twitter.com/ProTheDoge/status/1450904999865696256,False,,1,https://pbs.twimg.com/media/FCKmaAtVcAE_Pze.jpg,,,,,,,[],,,,
1450903538192683017,1450903538192683017,2021-10-20 14:15:34 Central Daylight Time,2021-10-20,14:15:34,-0500,1358176095850229761,prothedoge,SlumDOGE Millionaire,,I‚Äôve thought about this for weeks now and I think I‚Äôve come up with the perfect analogy brand wise:   #Dogecoin is Pok√©mon #ShibaInuCoin is Digimon.  I said what I said. üöÄ,en,[],[],[],148,56,641,"['dogecoin', 'shibainucoin']",[],https://twitter.com/ProTheDoge/status/1450903538192683017,False,,0,,,,,,,,[],,,,
1450896398056972293,1450847186753765379,2021-10-20 13:47:12 Central Daylight Time,2021-10-20,13:47:12,-0500,1295479869736804352,pacasohomes,Pacaso,,Can you spot the hidden #crypto in these Pacaso homes?  üîéüïµÔ∏è  https://t.co/4yNolJJ5gC  Here are some clues to help on your search for hidden #dogecoin #bitcoin #litecoin #ethereum   @Bitcoin @BitPay @LiteCoinNews @ethereum @dogecoin @DogecoinRise @ForbesCrypto  https://t.co/cPl0V428Qk,en,"[{'screen_name': 'bitcoin', 'name': 'bitcoin', 'id': '357312062'}, {'screen_name': 'bitpay', 'name': 'bitpay', 'id': '915465450'}, {'screen_name': 'litecoinnews', 'name': 'litecoin news', 'id': '1327769568'}, {'screen_name': 'ethereum', 'name': 'ethereum', 'id': '2312333412'}, {'screen_name': 'dogecoin', 'name': 'dogecoin', 'id': '2235729541'}, {'screen_name': 'dogecoinrise', 'name': '√∞ogecoinrise üöÄüåï', 'id': '1345576584204353543'}, {'screen_name': 'forbescrypto', 'name': 'forbes crypto', 'id': '902282851499917312'}]",['http://pacaso.com/listings'],['https://pbs.twimg.com/tweet_video_thumb/FCKeXl5VUAIA0QO.jpg'],2,4,6,"['crypto', 'dogecoin', 'bitcoin', 'litecoin', 'ethereum']",[],https://twitter.com/PacasoHomes/status/1450896398056972293,False,,1,https://pbs.twimg.com/tweet_video_thumb/FCKeXl5VUAIA0QO.jpg,,,,,,,[],,,,
1450890643253825537,1450890643253825537,2021-10-20 13:24:20 Central Daylight Time,2021-10-20,13:24:20,-0500,1358176095850229761,prothedoge,SlumDOGE Millionaire,,Just know I‚Äôm working on something special üëÄü§´üöÄüåî #dogecoin  https://t.co/7tImaGd89i,en,[],[],['https://pbs.twimg.com/media/FCKZWYdVcAISNAp.jpg'],61,74,562,['dogecoin'],[],https://twitter.com/ProTheDoge/status/1450890643253825537,False,,1,https://pbs.twimg.com/media/FCKZWYdVcAISNAp.jpg,,,,,,,[],,,,
1450888024829562882,1450888024829562882,2021-10-20 13:13:55 Central Daylight Time,2021-10-20,13:13:55,-0500,1358176095850229761,prothedoge,SlumDOGE Millionaire,,"Funny thing is - I called everyone I knew to buy #doge back in Feb but it was so many ppl I couldn‚Äôt list out all the reasons to buy on every call, so this is literally how it would go:  Me: yo, buy #dogecoin  Them: why?  Me: it‚Äôs going to blow Them: how? Me: trust me bro *click*",en,[],[],[],25,26,242,"['doge', 'dogecoin']",[],https://twitter.com/ProTheDoge/status/1450888024829562882,False,,0,,,,,,,,[],,,,
1450885995151302657,1450885995151302657,2021-10-20 13:05:52 Central Daylight Time,2021-10-20,13:05:52,-0500,1358176095850229761,prothedoge,SlumDOGE Millionaire,,"Whenever you hear someone say ‚ÄúTrust me bro‚Äù as a source. It‚Äôs me, I‚Äôm bro lol üòÇüöÄüåî #dogecoin",en,[],[],[],19,34,309,['dogecoin'],[],https://twitter.com/ProTheDoge/status/1450885995151302657,False,,0,,,,,,,,[],,,,
1450885180940447746,1450885180940447746,2021-10-20 13:02:37 Central Daylight Time,2021-10-20,13:02:37,-0500,1358176095850229761,prothedoge,SlumDOGE Millionaire,,#Dogecoin is gonna go up soon. My spidey senses are tingling üêïüöÄüåî,en,[],[],[],142,243,1779,['dogecoin'],[],https://twitter.com/ProTheDoge/status/1450885180940447746,False,,0,,,,,,,,[],,,,
1450880540844888064,1450880540844888064,2021-10-20 12:44:11 Central Daylight Time,2021-10-20,12:44:11,-0500,1387497871751196672,watcherguru,Watcher.Guru,,Which meme coin will moon first? üßê  üêï #Dogecoin  üêï #SHIB  üêï #FLOKI üêï #BabyDogeCoin,en,[],[],[],1905,509,2559,"['dogecoin', 'shib', 'floki', 'babydogecoin']",[],https://twitter.com/WatcherGuru/status/1450880540844888064,False,,0,,,,,,,,[],,,,
1450879117352652801,1450879117352652801,2021-10-20 12:38:32 Central Daylight Time,2021-10-20,12:38:32,-0500,3306969352,idiarioes,IzquierdaDiario.es,,#Criptomonedas I ¬øAcaso la criptomoneda #Dogecoin es un descarado fraude capitalista?   https://t.co/SXrWx6mT3z,es,[],['https://www.izquierdadiario.es/Acaso-la-criptomoneda-Dogecoin-es-un-descarado-fraude-capitalista'],[],0,1,0,"['criptomonedas', 'dogecoin']",[],https://twitter.com/iDiarioES/status/1450879117352652801,False,,0,,,,,,,,[],,,,
1450859802721075204,1450859802721075204,2021-10-20 11:21:47 Central Daylight Time,2021-10-20,11:21:47,-0500,1358176095850229761,prothedoge,SlumDOGE Millionaire,,"#Bitcoin hit $67K, #Ethereum is over $4K, #Dogecoin is at 25 cents. What a beautiful day! üêïüöÄüåî",en,[],[],[],155,305,2224,"['bitcoin', 'ethereum', 'dogecoin']",[],https://twitter.com/ProTheDoge/status/1450859802721075204,False,,0,,,,,,,,[],,,,
1450855723383115777,1450855723383115777,2021-10-20 11:05:34 Central Daylight Time,2021-10-20,11:05:34,-0500,27697010,jomashop,Jomashop.com,,This Omega Seamaster '007' Edition was just bought with #Bitcoin on  https://t.co/yXvzT8iHW9. Thank you to @BitPay whom support all crypto payments on Jomashop including #dogecoin #Ethereum #Bitcoin &amp; More!  https://t.co/Z8JWaeNqAj,en,"[{'screen_name': 'bitpay', 'name': 'bitpay', 'id': '915465450'}]",['http://Jomashop.com'],['https://pbs.twimg.com/media/FCJ5g8tWEAQqBl-.jpg'],3,4,11,"['bitcoin', 'dogecoin', 'ethereum', 'bitcoin']",[],https://twitter.com/Jomashop/status/1450855723383115777,False,,1,https://pbs.twimg.com/media/FCJ5g8tWEAQqBl-.jpg,,,,,,,[],,,,
1450852326185607170,1450852326185607170,2021-10-20 10:52:04 Central Daylight Time,2021-10-20,10:52:04,-0500,805532293951606785,mattwallace888,Matt Wallace,,#Dogecoin TO THE MOOOOOOOOOOOOOOOOOOOOOOOOOOOOOOOOOOOOOOOOOOOOOOOOOOOOOOOOOOOOOOOOOOOOOOOOOOOOOOOOOOOOOOOOOOOOOOOOOOOOOOOOOOOOOOOOOOOOOOOOOOOOOOOOOOOOOOOOOOOOOOOOOOOOOOOOOOOOOOOOOOOOOOOOOOOOOOOOOOOOOOOOOOOOOOOOOOOOOOOOOOOOOOOOOOOOOOOOOOOOOOOOOOOOOOOOOOOOOOOOOOOOOOOOOOOOOOOOOOOON!,en,[],[],[],174,420,1833,['dogecoin'],[],https://twitter.com/MattWallace888/status/1450852326185607170,False,,0,,,,,,,,[],,,,
1450847199558979589,1450847186753765379,2021-10-20 10:31:42 Central Daylight Time,2021-10-20,10:31:42,-0500,1295479869736804352,pacasohomes,Pacaso,,"üöÄ How to join the Pacaso x @bitpay #crypto hunt:   üîé  Head to  https://t.co/4yNolJJ5gC üîé  Spot #Dogecoin #Bitcoin #Ethereum &amp; #Litecoin hidden in 4 Pacaso listing photos üîé  Screenshot or link to all 4 photos, share on social and tag @pacasohomes &amp; @bitpay   (2/3) Cluesüëá  https://t.co/t07fogr3DA",en,"[{'screen_name': 'bitpay', 'name': 'bitpay', 'id': '915465450'}, {'screen_name': 'pacasohomes', 'name': 'pacaso', 'id': '1295479869736804352'}, {'screen_name': 'bitpay', 'name': 'bitpay', 'id': '915465450'}]",['http://pacaso.com/listings'],['https://pbs.twimg.com/tweet_video_thumb/FCJhAbyVUAEdfSf.jpg'],3,3,3,"['crypto', 'dogecoin', 'bitcoin', 'ethereum', 'litecoin']",[],https://twitter.com/PacasoHomes/status/1450847199558979589,False,,1,https://pbs.twimg.com/tweet_video_thumb/FCJhAbyVUAEdfSf.jpg,,,,,,,[],,,,
1450843494503825413,1450843494503825413,2021-10-20 10:16:59 Central Daylight Time,2021-10-20,10:16:59,-0500,243456489,therealjbre,Jbre,,Doge is back up üò¨ #doge #dogecoin #DogecoinToTheMoon  https://t.co/0mGugxHnne,en,[],[],['https://pbs.twimg.com/media/FCJud3pXoAYkEyA.jpg'],1,3,17,"['doge', 'dogecoin', 'dogecointothemoon']",[],https://twitter.com/TheRealJbre/status/1450843494503825413,False,,1,https://pbs.twimg.com/media/FCJud3pXoAYkEyA.jpg,,,,,,,[],,,,
1450824124645855232,1450824124645855232,2021-10-20 09:00:00 Central Daylight Time,2021-10-20,09:00:00,-0500,915465450,bitpay,BitPay,,"In an industry-leading move, you can now use #crypto to purchase a share of a luxury second home through @pacasohomes and BitPay!   Learn how you can buy a Pacaso using #Bitcoin, #Ethereum, #Litecoin, #BitcoinCash, #Dogecoin and more:  https://t.co/zbcTirePw6  https://t.co/WNRFj9xYVK",en,"[{'screen_name': 'pacasohomes', 'name': 'pacaso', 'id': '1295479869736804352'}]",['http://pacaso.com/financing'],['https://pbs.twimg.com/tweet_video_thumb/FCGBNg6XoAgOHAg.jpg'],4,12,27,"['crypto', 'bitcoin', 'ethereum', 'litecoin', 'bitcoincash', 'dogecoin']",[],https://twitter.com/BitPay/status/1450824124645855232,False,,1,https://pbs.twimg.com/tweet_video_thumb/FCGBNg6XoAgOHAg.jpg,,,,,,,[],,,,
1450824017477136393,1450824017477136393,2021-10-20 08:59:35 Central Daylight Time,2021-10-20,08:59:35,-0500,1295479869736804352,pacasohomes,Pacaso,,"Starting today, you can purchase a share of a Pacaso using your favorite #cryptocurrency! Through our partnership with @bitpay, aspiring co-owners can pay for their second home with #Bitcoin, #Ethereum #Litecoin #BitcoinCash #Dogecoin and more. Learn more:  https://t.co/wGhhXwm53y  https://t.co/QDaLXTlZ3G",en,"[{'screen_name': 'bitpay', 'name': 'bitpay', 'id': '915465450'}]",['http://pacaso.com/financing'],[],4,20,71,"['cryptocurrency', 'bitcoin', 'ethereum', 'litecoin', 'bitcoincash', 'dogecoin']",[],https://twitter.com/PacasoHomes/status/1450824017477136393,False,,1,https://pbs.twimg.com/ext_tw_video_thumb/1450819963971772420/pu/img/D6GAZOMdUHegwrTM.jpg,,,,,,,[],,,,
1450800830840377348,1450800830840377348,2021-10-20 07:27:27 Central Daylight Time,2021-10-20,07:27:27,-0500,828841083257778176,latestly,LatestLY,,Are #cryptocurrencies legal in India? here‚Äôs how you can buy &amp; sell #Bitcoin #Ethereum &amp; #dogecoin    @Bitcoin @ethereum @dogecoin #BitcoinETF #BitcoinCash #Wazirx #CoinDCX #Paxful #ethereumprice #DogecoinToTheMoon #cryptotrading    https://t.co/lPfnbIx6KB,en,"[{'screen_name': 'bitcoin', 'name': 'bitcoin', 'id': '357312062'}, {'screen_name': 'ethereum', 'name': 'ethereum', 'id': '2312333412'}, {'screen_name': 'dogecoin', 'name': 'dogecoin', 'id': '2235729541'}]",['https://www.latestly.com/technology/are-cryptocurrencies-legal-in-india-heres-how-you-can-buy-sell-bitcoin-ethereum-dogecoin-2970582.html'],[],0,0,1,"['cryptocurrencies', 'bitcoin', 'ethereum', 'dogecoin', 'bitcoinetf', 'bitcoincash', 'wazirx', 'coindcx', 'paxful', 'ethereumprice', 'dogecointothemoon', 'cryptotrading']",[],https://twitter.com/latestly/status/1450800830840377348,False,,0,,,,,,,,[],,,,
1450772777758117891,1450772777758117891,2021-10-20 05:35:58 Central Daylight Time,2021-10-20,05:35:58,-0500,18071358,zeenewsenglish,Zee News English,,"#Bitcoin jumps more than 3% to $63,901. Check prices for #Dogecoin &amp; #Ethereum   #Crypto   https://t.co/JcR1053kcv",en,[],['https://zeenews.india.com/personal-finance/bitcoin-price-today-bitcoin-jumps-to-near-record-high-check-ethereum-dogecoin-prices-2404096.html'],[],2,2,14,"['bitcoin', 'dogecoin', 'ethereum', 'crypto']",[],https://twitter.com/ZeeNewsEnglish/status/1450772777758117891,False,,0,,,,,,,,[],,,,
1450708954150051846,1450708954150051846,2021-10-20 01:22:22 Central Daylight Time,2021-10-20,01:22:22,-0500,1387497871751196672,watcherguru,Watcher.Guru,,PREDICTION: #Dogecoin to $.50 by the end of this month,en,[],[],[],172,82,732,['dogecoin'],[],https://twitter.com/WatcherGuru/status/1450708954150051846,False,,0,,,,,,,,[],,,,
1450631605895184384,1450631605895184384,2021-10-19 20:15:00 Central Daylight Time,2021-10-19,20:15:00,-0500,271017604,sporttechie,SportTechie,,".@coinbase has become the first crypto company to sign with the NBA ü§ùüèª  Coinbase, which lets users buy and sell cryptocurrencies such as #Bitcoin, #Ethereum, and #Dogecoin, was founded in 2012 and went public on the Nasdaq in April.  https://t.co/gstDCN5jPU",en,"[{'screen_name': 'coinbase', 'name': 'coinbase', 'id': '574032254'}]",['https://bit.ly/3vundyU'],[],0,0,1,"['bitcoin', 'ethereum', 'dogecoin']",[],https://twitter.com/SportTechie/status/1450631605895184384,False,,0,,,,,,,,[],,,,
1450580456248803331,1450580456248803331,2021-10-19 16:51:45 Central Daylight Time,2021-10-19,16:51:45,-0500,1358176095850229761,prothedoge,SlumDOGE Millionaire,,#Bitcoin breaking it‚Äôs all time high today is the most BULLISH news ever. Usually when this happens people start to take profits and dump them into alt coins. #Dogecoin will be rising very soon. Probably in the next couple weeks. üêïüöÄüåî,en,[],[],[],231,250,1783,"['bitcoin', 'dogecoin']",[],https://twitter.com/ProTheDoge/status/1450580456248803331,False,,0,,,,,,,,[],,,,
1450576789915545604,1450576789915545604,2021-10-19 16:37:11 Central Daylight Time,2021-10-19,16:37:11,-0500,118639757,kokid951,Keith ‚ÄúNFT kid‚Äù Berry,,Elon         Billy (\_/)        (\_/) ( ‚Ä¢_‚Ä¢)       (‚Ä¢_‚Ä¢ ) / &gt; üöÄüêï&lt;    \ #dogecoin @BillyM2k @elonmusk ü§ù,en,"[{'screen_name': 'billym2k', 'name': 'shibetoshi nakamoto', 'id': '30699048'}, {'screen_name': 'elonmusk', 'name': 'elon musk', 'id': '44196397'}]",[],[],6,18,77,['dogecoin'],[],https://twitter.com/kokid951/status/1450576789915545604,False,,0,,,,,,,,[],,,,
1450511941605249027,1450511941605249027,2021-10-19 12:19:30 Central Daylight Time,2021-10-19,12:19:30,-0500,106492441,hireztherapper,Hi-Rez,,IS THE #DOGECOIN #DOGE family still alive and well?!?!!?,en,[],[],[],156,142,1359,"['dogecoin', 'doge']",[],https://twitter.com/HiRezTheRapper/status/1450511941605249027,False,,0,,,,,,,,[],,,,
1450481971654799360,1450481971654799360,2021-10-19 10:20:25 Central Daylight Time,2021-10-19,10:20:25,-0500,1097374542379401216,dreambigbebig20,Tim Cook,,what company should accept #dogecoin next.?,en,[],[],[],240,115,824,['dogecoin'],[],https://twitter.com/DreamBigBeBig20/status/1450481971654799360,False,,0,,,,,,,,[],,,,
1450455569446342656,1450455569446342656,2021-10-19 08:35:30 Central Daylight Time,2021-10-19,08:35:30,-0500,919174740270637056,nexofinance,Nexo,,"We recently added top ups and withdrawals for $ADA, $DOT and $DOGE.üòé  Which one were you most excited about ‚Äì #Cardano, #Polkadot or #Dogecoin? üëÄ",en,[],[],[],160,97,354,"['cardano', 'polkadot', 'dogecoin']","['ada', 'dot', 'doge']",https://twitter.com/NexoFinance/status/1450455569446342656,False,,0,,,,,,,,[],,,,
1450330859740012544,1450330859740012544,2021-10-19 00:19:57 Central Daylight Time,2021-10-19,00:19:57,-0500,1387497871751196672,watcherguru,Watcher.Guru,,Choose one üßê  1. #Dogecoin  2. #SHIB  3. #FLOKI  4. #BabyDogeCoin,en,[],[],[],2728,646,2718,"['dogecoin', 'shib', 'floki', 'babydogecoin']",[],https://twitter.com/WatcherGuru/status/1450330859740012544,False,,0,,,,,,,,[],,,,
1450258799542083589,1450258799542083589,2021-10-18 19:33:36 Central Daylight Time,2021-10-18,19:33:36,-0500,409285978,timandrewshere,Tim Andrews,,Rostered Josh Gordon is the #dogecoin of Fantasy Football.,en,[],[],[],1,0,9,['dogecoin'],[],https://twitter.com/TimAndrewsHere/status/1450258799542083589,False,,0,,,,,,,,[],,,,
1450250544023494665,1450250544023494665,2021-10-18 19:00:48 Central Daylight Time,2021-10-18,19:00:48,-0500,863059166902071296,moneywisecom,MoneyWise,,"@mcuban has been highly supportive of Dogecoin, calling it the ‚Äúpeople‚Äôs way to pay‚Äù ü§∑#investing #dogecoin #crypto  https://t.co/OiwYsmWAgo",en,[],['http://ow.ly/3Wh550Gtt0i'],[],1,3,4,"['investing', 'dogecoin', 'crypto']",[],https://twitter.com/moneywisecom/status/1450250544023494665,False,,0,,,,,,,,[],,,,
1450205282429071363,1450205282429071363,2021-10-18 16:00:57 Central Daylight Time,2021-10-18,16:00:57,-0500,758186023327113216,cannadips,Cannadips,,"Don't worry, when the Cryptos slip, head to our website and #BUYTHEDIP   Use Code BUYTHEDIP for 20% off on our website, we accept crypto!  #Ethereum #dogecoin #bitcoin #ToTheMoon  https://t.co/zcxAYjz6wV",en,[],[],['https://pbs.twimg.com/media/FCAp7cAVEAIJw-P.jpg'],0,1,8,"['buythedip', 'ethereum', 'dogecoin', 'bitcoin', 'tothemoon']",[],https://twitter.com/cannadips/status/1450205282429071363,False,,1,https://pbs.twimg.com/media/FCAp7cAVEAIJw-P.jpg,,,,,,,[],,,,
1450189728289107968,1450189728289107968,2021-10-18 14:59:09 Central Daylight Time,2021-10-18,14:59:09,-0500,24671050,tomskiweb,CoinsKid,,It has been my target for a long time now #dogecoin $1.91 it has held support and is on the cusp of a breakout #doge may even overshoot $1.91 not FA üòÅ  https://t.co/WD7NHMqaN4,en,[],[],['https://pbs.twimg.com/media/FCAb31-WUAU423z.jpg'],57,33,344,"['dogecoin', 'doge']",[],https://twitter.com/tomskiweb/status/1450189728289107968,False,,1,https://pbs.twimg.com/media/FCAb31-WUAU423z.jpg,,,,,,,[],,,,
1450187963850104832,1450187963850104832,2021-10-18 14:52:08 Central Daylight Time,2021-10-18,14:52:08,-0500,1358176095850229761,prothedoge,SlumDOGE Millionaire,,Daily close will happen in 4 hours! If #Dogecoin remains above 24 cents then it‚Äôll flip that to the support level &amp; we‚Äôll be bullish as ever! üêïüöÄüåî  https://t.co/ZDohL0d24s,en,[],[],['https://pbs.twimg.com/media/FCAaQ9MVUAAsXdJ.jpg'],85,93,627,['dogecoin'],[],https://twitter.com/ProTheDoge/status/1450187963850104832,False,,1,https://pbs.twimg.com/media/FCAaQ9MVUAAsXdJ.jpg,,,,,,,[],,,,
1450180725345591302,1450180725345591302,2021-10-18 14:23:22 Central Daylight Time,2021-10-18,14:23:22,-0500,805532293951606785,mattwallace888,Matt Wallace,,Press RETWEET if you want to see a #Dogecoin ETF next :),en,[],[],[],112,759,1530,['dogecoin'],[],https://twitter.com/MattWallace888/status/1450180725345591302,False,,0,,,,,,,,[],,,,
1450177368836874248,1450177368836874248,2021-10-18 14:10:02 Central Daylight Time,2021-10-18,14:10:02,-0500,118639757,kokid951,Keith ‚ÄúNFT kid‚Äù Berry,,#dogecoin pumping makes me happy.,en,[],[],[],17,6,72,['dogecoin'],[],https://twitter.com/kokid951/status/1450177368836874248,False,,0,,,,,,,,[],,,,
1450173577047810049,1450173577047810049,2021-10-18 13:54:58 Central Daylight Time,2021-10-18,13:54:58,-0500,44060322,benzinga,Benzinga,,"On today's #crypto daily: Is #dogecoin due for another breakoutüßê What's the market sentiment for #BTC?  #Ethereum, #Solana   Available on all podcast platforms‚òëÔ∏è  https://t.co/T0avbOBZxN",en,[],['https://www.benzinga.com/podcasts/top-5-coins-to-watch-and-why-crypto-daily-october-18-2021'],[],3,4,22,"['crypto', 'dogecoin', 'btc', 'ethereum', 'solana']",[],https://twitter.com/Benzinga/status/1450173577047810049,False,,0,,,,,,,,[],,,,
1450156488287158274,1450156488287158274,2021-10-18 12:47:04 Central Daylight Time,2021-10-18,12:47:04,-0500,1358176095850229761,prothedoge,SlumDOGE Millionaire,,Good morning everyone! ‚òÄÔ∏èüöÄ #dogecoin looking good today ü§≤üèºüíé  https://t.co/ZCsQCaKaJs,en,[],[],['https://pbs.twimg.com/media/FB_9o7SVUAAkKZh.jpg'],189,161,1632,['dogecoin'],[],https://twitter.com/ProTheDoge/status/1450156488287158274,False,,1,https://pbs.twimg.com/media/FB_9o7SVUAAkKZh.jpg,,,,,,,[],,,,
1450103069514022916,1450103069514022916,2021-10-18 09:14:48 Central Daylight Time,2021-10-18,09:14:48,-0500,911011433147654144,trustwallet,Trust - Crypto Wallet,,"#dogecoin #shiba #FLOKI... love them or hate them, meme coins have been gaining popularity in 2021 - with notable mentions from the likes of @elonmusk. But are they really worth buying..? Read on üëá   https://t.co/8QCZPW7OE2",en,"[{'screen_name': 'elonmusk', 'name': 'elon musk', 'id': '44196397'}]",['https://trustwallet.com/blog/meme-coins-are-dogecoin-shibainu-worth-of-buying'],[],332,224,884,"['dogecoin', 'shiba', 'floki']",[],https://twitter.com/TrustWallet/status/1450103069514022916,False,,0,,,,,,,,[],,,,
1450084810433642509,1450084810433642509,2021-10-18 08:02:14 Central Daylight Time,2021-10-18,08:02:14,-0500,2785569453,megabayt_sm,MegaBayt,,Elon Musk‚Äôƒ±n payla≈üƒ±mƒ± sonrasƒ± Dogecoin fƒ±rladƒ± #doge #dogecoin  https://t.co/49ePTb5PMP,tr,[],['https://www.megabayt.com/ekonomi/elon-muskin-attigi-tek-bir-emoji-sonrasi-dogecoin-firladi/'],[],1,0,3,"['doge', 'dogecoin']",[],https://twitter.com/MegaBayt_SM/status/1450084810433642509,False,,0,,,,,,,,[],,,,
1450081729981583360,1450081729981583360,2021-10-18 07:50:00 Central Daylight Time,2021-10-18,07:50:00,-0500,65642163,hurriyet,H√ºrriyet.com.tr,,#ElonMusk tweet attƒ±... #Dogecoin ve #ShibaInu'de sert y√ºkseli≈ü!  https://t.co/8pAngNmr6F,tr,[],['https://www.hurriyet.com.tr/ekonomi/son-dakika-elon-musk-yine-tweet-atti-dogecoin-shiba-inu-yukseldi-41919702?utm_source=t.co&utm_medium=post'],[],1,2,8,"['elonmusk', 'dogecoin', 'shibainu']",[],https://twitter.com/Hurriyet/status/1450081729981583360,False,,0,,,,,,,,[],,,,
1450068431265484802,1450068431265484802,2021-10-18 06:57:09 Central Daylight Time,2021-10-18,06:57:09,-0500,91967764,hurriyetekonomi,H√ºrriyet Ekonomi,,Elon Musk tweet attƒ±! Dogecoin ve Shiba Inu'de sert y√ºkseli≈ü #Dogecoin #DOGE #ShibaInu #SHIB  https://t.co/mjf6VCcntU  https://t.co/wN9VaXqNM7,tr,[],['https://www.hurriyet.com.tr/ekonomi/son-dakika-elon-musk-yine-tweet-atti-dogecoin-shiba-inu-yukseldi-41919702'],['https://pbs.twimg.com/media/FB-teOWXoAEVhkW.jpg'],29,17,133,"['dogecoin', 'doge', 'shibainu', 'shib']",[],https://twitter.com/HurriyetEkonomi/status/1450068431265484802,False,,1,https://pbs.twimg.com/media/FB-teOWXoAEVhkW.jpg,,,,,,,[],,,,
1450029656342626310,1450029656342626310,2021-10-18 04:23:04 Central Daylight Time,2021-10-18,04:23:04,-0500,1358176095850229761,prothedoge,SlumDOGE Millionaire,,#Dogecoin just hit 26 cents!!! üêïüöÄ,en,[],[],[],361,516,3958,['dogecoin'],[],https://twitter.com/ProTheDoge/status/1450029656342626310,False,,0,,,,,,,,[],,,,
1450027385286320131,1450027385286320131,2021-10-18 04:14:03 Central Daylight Time,2021-10-18,04:14:03,-0500,1171719416389591041,phemex_official,Phemex,,Does anyone hold $DOGE?  Keep up to date with the market here üëá  https://t.co/eLuRUrCWjJ  #Phemex #Crypto #cryptocurrency #trading #Bitcoin #ETH #dogecoin  https://t.co/l1WLbcTqvQ,en,[],['https://phemex.com/markets'],['https://pbs.twimg.com/media/FB-HjEIaAAAezrn.jpg'],4,14,31,"['phemex', 'crypto', 'cryptocurrency', 'trading', 'bitcoin', 'eth', 'dogecoin']",['doge'],https://twitter.com/Phemex_official/status/1450027385286320131,False,,1,https://pbs.twimg.com/media/FB-HjEIaAAAezrn.jpg,,,,,,,[],,,,
1449985374554521600,1449985374554521600,2021-10-18 01:27:07 Central Daylight Time,2021-10-18,01:27:07,-0500,161318053,business_today,Business Today,,"Bitcoin was trading higher today. Its price has gone up by 1.45% to $62,040 on Coinmarketcap, while its market cap has reached $1.17T. | #Bitcoin #Ethereum #dogecoin #cryptocurrency #Crypto    https://t.co/pXuhskIRys",en,[],['https://www.businesstoday.in/crypto/story/cryptocurrency-prices-today-bitcoin-rises-xrp-litecoin-uniswap-fall-309639-2021-10-18'],[],2,1,4,"['bitcoin', 'ethereum', 'dogecoin', 'cryptocurrency', 'crypto']",[],https://twitter.com/business_today/status/1449985374554521600,False,,0,,,,,,,,[],,,,
1449946335289950209,1449856586332049409,2021-10-17 22:51:59 Central Daylight Time,2021-10-17,22:51:59,-0500,20731383,mattpro13,MP,,@emmykinney #dogecoin family will love ya!  https://t.co/ZLdsbdK3V7,en,[],[],['https://pbs.twimg.com/tweet_video_thumb/FB8-gSCX0AIRdnu.jpg'],0,0,0,['dogecoin'],[],https://twitter.com/mattpro13/status/1449946335289950209,False,,1,https://pbs.twimg.com/tweet_video_thumb/FB8-gSCX0AIRdnu.jpg,,,,,,,"[{'screen_name': 'emmykinney', 'name': 'Emily Kinney', 'id': '228184292'}]",,,,
1449941397369499651,1449941397369499651,2021-10-17 22:32:22 Central Daylight Time,2021-10-17,22:32:22,-0500,167219459,mr_a1hunt,Akeem Hunt,,People lie. NUMBERS DONT.   #Dogecoin added 50+ billion.   How much money are we in debt?   What are we in debt with? DOLLAR BILLS.   What represents the dollar bill in the #crypto space?  #Dogecoin.   Man listen #Doge market cap will equal 1trillion one day!   Its the DOLLAR,en,[],[],[],0,0,1,"['dogecoin', 'crypto', 'dogecoin', 'doge']",[],https://twitter.com/Mr_A1Hunt/status/1449941397369499651,False,,0,,,,,,,,[],,,,
1449937904587972608,1449937904587972608,2021-10-17 22:18:29 Central Daylight Time,2021-10-17,22:18:29,-0500,1387497871751196672,watcherguru,Watcher.Guru,,PREDICTION: #Dogecoin to $1 in 2021,en,[],[],[],76,47,516,['dogecoin'],[],https://twitter.com/WatcherGuru/status/1449937904587972608,False,,0,,,,,,,,[],,,,
1449936848999133184,1449936848999133184,2021-10-17 22:14:17 Central Daylight Time,2021-10-17,22:14:17,-0500,2646336846,1funnymike,FunnyMike,,‚ö†Ô∏è#dogecoin BREAKOUT‚ö†Ô∏è this is inevitable. #DogecoinToTheMoon,en,[],[],[],5,21,90,"['dogecoin', 'dogecointothemoon']",[],https://twitter.com/1funnymike/status/1449936848999133184,False,,0,,,,,,,,[],,,,
1449864489558499334,1449863421973913603,2021-10-17 17:26:46 Central Daylight Time,2021-10-17,17:26:46,-0500,1387497871751196672,watcherguru,Watcher.Guru,,@elonmusk #Dogecoin to the MOON üìà,en,[],[],[],63,17,290,['dogecoin'],[],https://twitter.com/WatcherGuru/status/1449864489558499334,False,,0,,,,,,,,"[{'screen_name': 'elonmusk', 'name': 'Elon Musk', 'id': '44196397'}]",,,,
1449861672881950720,1449782332865622026,2021-10-17 17:15:34 Central Daylight Time,2021-10-17,17:15:34,-0500,118639757,kokid951,Keith ‚ÄúNFT kid‚Äù Berry,,@MrStevenSteele @mcuban Love him bro!!! Go #dogecoin,en,[],[],[],0,0,5,['dogecoin'],[],https://twitter.com/kokid951/status/1449861672881950720,False,,0,,,,,,,,"[{'screen_name': 'MrStevenSteele', 'name': 'Steven Steele', 'id': '1355988721536020481'}, {'screen_name': 'mcuban', 'name': 'Mark Cuban', 'id': '16228398'}]",,,,
1449787966688161792,1449787966688161792,2021-10-17 12:22:41 Central Daylight Time,2021-10-17,12:22:41,-0500,1358176095850229761,prothedoge,SlumDOGE Millionaire,,"#Bitcoin maxi: ‚ÄúMark, you‚Äôre a gazillionaire, that‚Äôs why you promote #dogecoin because if people get rekt it doesn‚Äôt affect you.‚Äù  @mcuban ‚ÄúIf you think it‚Äôs all about, well I‚Äôm rich I can‚Äôt relate, fuck you! I slept on the floor, I been so fucking broke I had holes in my floor‚Äù",en,"[{'screen_name': 'mcuban', 'name': 'mark cuban', 'id': '16228398'}]",[],[],56,92,530,"['bitcoin', 'dogecoin']",[],https://twitter.com/ProTheDoge/status/1449787966688161792,False,,0,,,,,,,,[],,,,
1449777050730958849,1449777050730958849,2021-10-17 11:39:19 Central Daylight Time,2021-10-17,11:39:19,-0500,1358176095850229761,prothedoge,SlumDOGE Millionaire,,"People want to buy the brownies, people want to buy the #dogecoin.",en,[],[],[],107,124,1025,['dogecoin'],[],https://twitter.com/ProTheDoge/status/1449777050730958849,False,,0,,,,,,,,[],,,,
1449709712983801858,1449707050171310082,2021-10-17 07:11:44 Central Daylight Time,2021-10-17,07:11:44,-0500,118639757,kokid951,Keith ‚ÄúNFT kid‚Äù Berry,,@BigImpactHumans @mcuban Cuban stood up for #dogecoin and the Bitcoin maxis were so annoying,en,[],[],[],3,6,27,['dogecoin'],[],https://twitter.com/kokid951/status/1449709712983801858,False,,0,,,,,,,,"[{'screen_name': 'BigImpactHumans', 'name': 'LilHumansBigImpact', 'id': '2961936246'}, {'screen_name': 'mcuban', 'name': 'Mark Cuban', 'id': '16228398'}]",,,,
1449636997631467528,1449566521357836290,2021-10-17 02:22:47 Central Daylight Time,2021-10-17,02:22:47,-0500,805532293951606785,mattwallace888,Matt Wallace,,@elonmusk Can‚Äôt wait to buy a cybertruck with #Dogecoin!,en,[],[],[],73,125,974,['dogecoin'],[],https://twitter.com/MattWallace888/status/1449636997631467528,False,,0,,,,,,,,"[{'screen_name': 'elonmusk', 'name': 'Elon Musk', 'id': '44196397'}]",,,,
1449632009299562496,1449632009299562496,2021-10-17 02:02:58 Central Daylight Time,2021-10-17,02:02:58,-0500,321271735,ndtvindia,NDTV India,,"#dogecoin ‡§ï‡•á ‡§¨‡§æ‡§¶ ‡§Æ‡•Ä‡§Æ‡§ï‡•â‡§á‡§®‡•ç‡§∏ ‡§ï‡•Ä ‡§π‡•à ‡§¨‡§æ‡§¢‡§º, ‡§ú‡§æ‡§®‡•á‡§Ç ‡§ï‡•å‡§® ‡§∏‡•á ‡§®‡§è ‡§ï‡•â‡§á‡§®‡•ç‡§∏ ‡§π‡•à‡§Ç ‡§∂‡§æ‡§Æ‡§ø‡§≤ #cryptocurrency  https://t.co/Co40cGOa9e",hi,[],['https://hindi.gadgets360.com/cryptocurrency/dogecoin-inspired-memecoins-storm-crypto-market-here-list-dogecoin-inspired-memecoins-features-2576769'],[],1,14,84,"['dogecoin', 'cryptocurrency']",[],https://twitter.com/ndtvindia/status/1449632009299562496,False,,0,,,,,,,,[],,,,
1449631986331447296,1449631986331447296,2021-10-17 02:02:53 Central Daylight Time,2021-10-17,02:02:53,-0500,3269792066,gadgetshindi,Gadgets 360 Hindi,,"#dogecoin ‡§ï‡•á ‡§¨‡§æ‡§¶ ‡§Æ‡•Ä‡§Æ‡§ï‡•â‡§á‡§®‡•ç‡§∏ ‡§ï‡•Ä ‡§π‡•à ‡§¨‡§æ‡§¢‡§º, ‡§ú‡§æ‡§®‡•á‡§Ç ‡§ï‡•å‡§® ‡§∏‡•á ‡§®‡§è ‡§ï‡•â‡§á‡§®‡•ç‡§∏ ‡§π‡•à‡§Ç ‡§∂‡§æ‡§Æ‡§ø‡§≤ #cryptocurrency  https://t.co/jnooGkS41N",hi,[],['https://hindi.gadgets360.com/cryptocurrency/dogecoin-inspired-memecoins-storm-crypto-market-here-list-dogecoin-inspired-memecoins-features-2576769'],[],1,0,1,"['dogecoin', 'cryptocurrency']",[],https://twitter.com/GadgetsHindi/status/1449631986331447296,False,,0,,,,,,,,[],,,,
1449616284958830596,1449616284958830596,2021-10-17 01:00:29 Central Daylight Time,2021-10-17,01:00:29,-0500,805532293951606785,mattwallace888,Matt Wallace,,"Mark Cuban just defended #Dogecoin in a big way while going toe to toe with a #Bitcoin Maxi on twitter spaces!  Hey @MarkCuban, you should do a twitter spaces with us and instead! No need to put up with their silliness üòÇ",en,"[{'screen_name': 'markcuban', 'name': 'markcuban', 'id': '14365253'}]",[],[],207,340,1906,"['dogecoin', 'bitcoin']",[],https://twitter.com/MattWallace888/status/1449616284958830596,False,,0,,,,,,,,[],,,,
1449614802301693954,1449614802301693954,2021-10-17 00:54:36 Central Daylight Time,2021-10-17,00:54:36,-0500,1309436939297316865,earn_finance,(Earn) EarnX,,Finally we sold our very first $doge #NFcarpet. Slowly but surely we will take the industry by storm. #dogecoin #dogearmy #bnb #bsc #eth #NFT #NFTCommunity  https://t.co/QKX6rCFgvJ,en,[],[],['https://pbs.twimg.com/media/FB4Q-qkXoAQIpbj.jpg'],14,50,160,"['nfcarpet', 'dogecoin', 'dogearmy', 'bnb', 'bsc', 'eth', 'nft', 'nftcommunity']",['doge'],https://twitter.com/earn_finance/status/1449614802301693954,False,,1,https://pbs.twimg.com/media/FB4Q-qkXoAQIpbj.jpg,,,,,,,[],,,,
1449598476401070080,1449598476401070080,2021-10-16 23:49:43 Central Daylight Time,2021-10-16,23:49:43,-0500,118639757,kokid951,Keith ‚ÄúNFT kid‚Äù Berry,,#dogecoin still my favorite coin üíõüêï,en,[],[],[],25,9,83,['dogecoin'],[],https://twitter.com/kokid951/status/1449598476401070080,False,,0,,,,,,,,[],,,,
1449585882017710080,1449585882017710080,2021-10-16 22:59:40 Central Daylight Time,2021-10-16,22:59:40,-0500,1387497871751196672,watcherguru,Watcher.Guru,,JUST IN: Mark Cuban prefers #Dogecoin as a currency over #Bitcoin,en,[],[],[],72,43,349,"['dogecoin', 'bitcoin']",[],https://twitter.com/WatcherGuru/status/1449585882017710080,False,,0,,,,,,,,[],,,,
1449580331980320771,1449580331980320771,2021-10-16 22:37:37 Central Daylight Time,2021-10-16,22:37:37,-0500,7530602,iambhutia,iambhutia.ŒûTH - LOSTPOETS #1453,,I think @mcuban is holding the floor on his own. Making the point that:  #Bitcoin is a store of value. #dogecoin is probably a good fit for spending.  This is how the crypto space evolves.  https://t.co/ULAsnxLozG,en,"[{'screen_name': 'mcuban', 'name': 'mark cuban', 'id': '16228398'}]",[],['https://pbs.twimg.com/media/FB3xmWcUUAI3Vpl.jpg'],1,0,7,"['bitcoin', 'dogecoin']",[],https://twitter.com/iambhutia/status/1449580331980320771,False,,1,https://pbs.twimg.com/media/FB3xmWcUUAI3Vpl.jpg,,,,,,,[],,,,
1449574858942189568,1449574858942189568,2021-10-16 22:15:52 Central Daylight Time,2021-10-16,22:15:52,-0500,54654554,lydiatomkiw,Lydia Tomkiw,,Just wanted #fintwit to know I asked a ouija board if I should put all my money in #Bitcoin and it said yes. When we asked if #dogecoin would go to the moon - it said no. Thought you should all know. #houseofspirits  https://t.co/VIuhqQiuwN,en,[],[],['https://pbs.twimg.com/media/FB3spcUXsAU2q_-.jpg'],1,0,6,"['fintwit', 'bitcoin', 'dogecoin', 'houseofspirits']",[],https://twitter.com/lydiatomkiw/status/1449574858942189568,False,,1,https://pbs.twimg.com/media/FB3spcUXsAU2q_-.jpg,,,,,,,[],,,,
1449547089814245381,1449539509654220803,2021-10-16 20:25:32 Central Daylight Time,2021-10-16,20:25:32,-0500,1358176095850229761,prothedoge,SlumDOGE Millionaire,,"Actions speak louder than words. If I say #dogecoin is a good buy, then I believe that - and I buy it myself ü§ë",en,[],[],[],48,32,366,['dogecoin'],[],https://twitter.com/ProTheDoge/status/1449547089814245381,False,,0,,,,,,,,[],,,,
1449539509654220803,1449539509654220803,2021-10-16 19:55:24 Central Daylight Time,2021-10-16,19:55:24,-0500,1358176095850229761,prothedoge,SlumDOGE Millionaire,,"I just bought another $5,000 in #Dogecoin üêïüöÄüåî something big is going to happen with #Doge soon... hope you‚Äôre loading up because I am üòéü§ëü§≤üèºüíé  https://t.co/dkY3AOexRF",en,[],[],['https://pbs.twimg.com/media/FB3MgDUVkAUhPZB.jpg'],264,197,1548,"['dogecoin', 'doge']",[],https://twitter.com/ProTheDoge/status/1449539509654220803,False,,1,https://pbs.twimg.com/media/FB3MgDUVkAUhPZB.jpg,,,,,,,[],,,,
1449486048929660931,1449486048929660931,2021-10-16 16:22:58 Central Daylight Time,2021-10-16,16:22:58,-0500,11060982,t3n,t3n Magazin,,.@ElonMusk gef√§llt das: #Dogecoin-Update zur Installation bereit  https://t.co/t6pnLx1NYF,de,"[{'screen_name': 'elonmusk', 'name': 'elon musk', 'id': '44196397'}]",['https://t3n.de/news/daumen-hoch-elon-musk-dogecoin-1417514/'],[],0,3,7,['dogecoin'],[],https://twitter.com/t3n/status/1449486048929660931,False,,0,,,,,,,,[],,,,
1449468409784135684,1449468409784135684,2021-10-16 15:12:53 Central Daylight Time,2021-10-16,15:12:53,-0500,1358176095850229761,prothedoge,SlumDOGE Millionaire,,Actually let‚Äôs take a poll. Who‚Äôs buying or planning to buy #Dogecoin right now? And how much #doge are you planning to buy?,en,[],[],[],98,36,167,"['dogecoin', 'doge']",[],https://twitter.com/ProTheDoge/status/1449468409784135684,False,,0,,,,,,,,[],,,,
1449466871892217857,1449466871892217857,2021-10-16 15:06:46 Central Daylight Time,2021-10-16,15:06:46,-0500,1358176095850229761,prothedoge,SlumDOGE Millionaire,,Market sentiment in general is very bullish around #Dogecoin right now. I‚Äôm seeing a lot of people buying up #doge left and right. Don‚Äôt get left behind. It‚Äôs going to be glorious üöÄ,en,[],[],[],119,161,982,"['dogecoin', 'doge']",[],https://twitter.com/ProTheDoge/status/1449466871892217857,False,,0,,,,,,,,[],,,,
1449451434894774272,1449451434894774272,2021-10-16 14:05:26 Central Daylight Time,2021-10-16,14:05:26,-0500,1358176095850229761,prothedoge,SlumDOGE Millionaire,,#Dogecoin will blast off soon üêïüöÄüåî,en,[],[],[],261,309,2191,['dogecoin'],[],https://twitter.com/ProTheDoge/status/1449451434894774272,False,,0,,,,,,,,[],,,,
1449441297039724546,1449441297039724546,2021-10-16 13:25:09 Central Daylight Time,2021-10-16,13:25:09,-0500,1358176095850229761,prothedoge,SlumDOGE Millionaire,,GoOoooooOooOoOod morning all my fellow #dogecoin and #cardano holders! Out of the top crypto‚Äôs we literally hold the 2 that outperformed the rest! üöÄüöÄüöÄüöÄüöÄ #pampit,en,[],[],[],98,73,575,"['dogecoin', 'cardano', 'pampit']",[],https://twitter.com/ProTheDoge/status/1449441297039724546,False,,0,,,,,,,,[],,,,
1449428376909795328,1449418511353192452,2021-10-16 12:33:48 Central Daylight Time,2021-10-16,12:33:48,-0500,903100790,ianjamesyoung70,Ian Young,,@AmigoJor @CitizenYan I accept #dogecoin,en,[],[],[],2,0,5,['dogecoin'],[],https://twitter.com/ianjamesyoung70/status/1449428376909795328,False,,0,,,,,,,,"[{'screen_name': 'AmigoJor', 'name': 'Jorge Amigo', 'id': '22241235'}, {'screen_name': 'CitizenYan', 'name': 'Brandon Yan  ÁîÑÂøµÊú¨', 'id': '190532498'}]",,,,
1449418675333763073,1449418675333763073,2021-10-16 11:55:15 Central Daylight Time,2021-10-16,11:55:15,-0500,805532293951606785,mattwallace888,Matt Wallace,,#Dogecoin,und,[],[],[],194,308,1824,['dogecoin'],[],https://twitter.com/MattWallace888/status/1449418675333763073,False,,0,,,,,,,,[],,,,
1449389680915517445,1449389680915517445,2021-10-16 10:00:02 Central Daylight Time,2021-10-16,10:00:02,-0500,976124518065373184,investvoyager,Voyager,,Do you stack $DOGE? üê∂  Learn all about the people's #crypto in our History of Dogecoin blog üêæ  #DOGE #Dogecoin   https://t.co/GN3y5mELRV,en,[],['https://bit.ly/38hsMG0'],[],40,11,115,"['crypto', 'doge', 'dogecoin']",['doge'],https://twitter.com/investvoyager/status/1449389680915517445,False,,0,,,,,,,,[],,,,
1449389465865277445,1449389465865277445,2021-10-16 09:59:11 Central Daylight Time,2021-10-16,09:59:11,-0500,1387497871751196672,watcherguru,Watcher.Guru,,#Dogecoin is currently the 10th biggest cryptocurrency in the world by market value. üåé üìà,en,[],[],[],84,39,275,['dogecoin'],[],https://twitter.com/WatcherGuru/status/1449389465865277445,False,,0,,,,,,,,[],,,,
1449383096671866883,1449383096671866883,2021-10-16 09:33:53 Central Daylight Time,2021-10-16,09:33:53,-0500,118639757,kokid951,Keith ‚ÄúNFT kid‚Äù Berry,,#BLASTINU #BLAST is locked and loaded for our next step to success!! #kishu #shiba #dogecoin #charizardinu  #BabyFlokiCoin #BitMart #Binance¬† #btc¬† #ETH #Memes  https://t.co/oKb2yhVVNu,en,[],[],['https://pbs.twimg.com/media/FB0-PosVQAYXYRz.jpg'],6,8,31,"['blastinu', 'blast', 'kishu', 'shiba', 'dogecoin', 'charizardinu', 'babyflokicoin', 'bitmart', 'binance', 'btc', 'eth', 'memes']",[],https://twitter.com/kokid951/status/1449383096671866883,False,,1,https://pbs.twimg.com/media/FB0-PosVQAYXYRz.jpg,,,,,,,[],,,,
1449242656098316289,1449201158229213191,2021-10-16 00:15:49 Central Daylight Time,2021-10-16,00:15:49,-0500,7530602,iambhutia,iambhutia.ŒûTH - LOSTPOETS #1453,,@elonmusk @MattWallace888 I believe so‚Ä¶ but let‚Äôs take #dogecoin along with us,en,[],[],[],1,0,9,['dogecoin'],[],https://twitter.com/iambhutia/status/1449242656098316289,False,,0,,,,,,,,"[{'screen_name': 'elonmusk', 'name': 'Elon Musk', 'id': '44196397'}, {'screen_name': 'MattWallace888', 'name': 'Matt Wallace', 'id': '805532293951606785'}]",,,,
1449240701200445440,1449240701200445440,2021-10-16 00:08:03 Central Daylight Time,2021-10-16,00:08:03,-0500,2646336846,1funnymike,FunnyMike,,#dogecoin üòÅ  https://t.co/1nplCtyBIB,und,[],[],['https://pbs.twimg.com/media/FBy8vAPWEAI0nyr.jpg'],4,8,90,['dogecoin'],[],https://twitter.com/1funnymike/status/1449240701200445440,False,,1,https://pbs.twimg.com/media/FBy8vAPWEAI0nyr.jpg,,,,,,,[],,,,
1449218408919228418,1449218408919228418,2021-10-15 22:39:28 Central Daylight Time,2021-10-15,22:39:28,-0500,1097374542379401216,dreambigbebig20,Tim Cook,,#dogecoin,und,[],[],[],67,126,725,['dogecoin'],[],https://twitter.com/DreamBigBeBig20/status/1449218408919228418,False,,0,,,,,,,,[],,,,
1449201158229213191,1449201158229213191,2021-10-15 21:30:55 Central Daylight Time,2021-10-15,21:30:55,-0500,805532293951606785,mattwallace888,Matt Wallace,,Elon Musk (with a net worth equal to 861 billion #Dogecoin) is now richer than Bill Gates and Warren Buffett COMBINED! ü§Ø,en,[],[],[],926,2320,32293,['dogecoin'],[],https://twitter.com/MattWallace888/status/1449201158229213191,False,,0,,,,,,,,[],,,,
1449199859077038093,1449199859077038093,2021-10-15 21:25:45 Central Daylight Time,2021-10-15,21:25:45,-0500,1358176095850229761,prothedoge,SlumDOGE Millionaire,,"#DOGECOIN is +4531.29% Year To Date.  #BITCOIN is +103.27% Year To Date. #RIPPLE is +390.89% Year To Date. #ETHEREUM is +426.20% Year To Date. #CARDANO is +1192.68% Year To Date.  That sink has been at the door for a while, please let that sink in.",en,[],[],[],142,145,891,"['dogecoin', 'bitcoin', 'ripple', 'ethereum', 'cardano']",[],https://twitter.com/ProTheDoge/status/1449199859077038093,False,,0,,,,,,,,[],,,,
1449198774555873281,1449198774555873281,2021-10-15 21:21:27 Central Daylight Time,2021-10-15,21:21:27,-0500,1358176095850229761,prothedoge,SlumDOGE Millionaire,,"For those saying #Bitcoin is at $60K, why is #Dogecoin still at 23 Cents? Remember that the first time #Bitcoin hit $50K this year on February 16 2021.. #Doge was still at 5 cents.",en,[],[],[],219,204,1644,"['bitcoin', 'dogecoin', 'bitcoin', 'doge']",[],https://twitter.com/ProTheDoge/status/1449198774555873281,False,,0,,,,,,,,[],,,,
1449192549411741698,1449192549411741698,2021-10-15 20:56:43 Central Daylight Time,2021-10-15,20:56:43,-0500,1358176095850229761,prothedoge,SlumDOGE Millionaire,,Ok guys... so #Upshod has officially come back and completely rebranded himself as @KrissKrypto and even started uploading on his #dogecoin YouTube channel again as if nothing even happened lol So how do we feel about this #dogearmy? üòÇüòÇüòÇ,en,"[{'screen_name': 'krisskrypto', 'name': 'kriss krypto', 'id': '894356269053640704'}]",[],[],90,14,89,"['upshod', 'dogecoin', 'dogearmy']",[],https://twitter.com/ProTheDoge/status/1449192549411741698,False,,0,,,,,,,,[],,,,
1449186600630554624,1449186600630554624,2021-10-15 20:33:04 Central Daylight Time,2021-10-15,20:33:04,-0500,2646336846,1funnymike,FunnyMike,,#dogecoin #doge ü•∑‚è±  https://t.co/wbpd0bnBg1,und,[],[],['https://pbs.twimg.com/media/FByLiBtXMAIR4_r.jpg'],2,5,53,"['dogecoin', 'doge']",[],https://twitter.com/1funnymike/status/1449186600630554624,False,,1,https://pbs.twimg.com/media/FByLiBtXMAIR4_r.jpg,,,,,,,[],,,,
1449175325607436292,1449175325607436292,2021-10-15 19:48:16 Central Daylight Time,2021-10-15,19:48:16,-0500,2646336846,1funnymike,FunnyMike,,Buy #dogecoin before the Bitcoin maxis üòÇ,en,[],[],[],3,2,44,['dogecoin'],[],https://twitter.com/1funnymike/status/1449175325607436292,False,https://twitter.com/TheMoonCarl/status/1449173495267606531,0,,,,,,,,[],,,,
